index,q_year,request_status,fuel,NAME,state,$2022_poi_cost/kw,$2022_network_cost/kw,$2022_total_cost/kw,nameplate_mw,lat,lon
0,1997,Complete,Natural Gas,bergen,NJ,2.166653587,0,2.166653587,500,40.92395612,-74.07196985
1,1997,Complete,Natural Gas,union,NJ,11.62201538,1.291335042,12.91335042,120,40.65834647,-74.30673356
2,1997,Complete,Oil,accomack,VA,8.704345929,0,8.704345929,315,37.76707161,-75.63234615
3,1998,Complete,Natural Gas,cecil,MD,6.485503838,39.33800278,45.82350661,465,39.56654283,-75.94628056
4,1998,Complete,Natural Gas,delaware,PA,0.247243453,3.327605997,3.574849449,521,39.91569836,-75.39991691
5,1998,Complete,Natural Gas,lackawanna,PA,18.93209462,0,18.93209462,46,41.43547951,-75.60418146
6,1999,Complete,Natural Gas,adams,PA,14.09117109,7.137100272,21.22827136,830,39.87204983,-77.21604164
7,1999,Complete,Natural Gas,charles,MD,0,0,0,80,38.51092331,-76.98580666
8,1999,Complete,Natural Gas,luzerne,PA,0,0,0,50,41.17821699,-75.9850149
9,1999,Complete,Natural Gas,middlesex,NJ,0,0,0,20,40.43629879,-74.41426991
10,1999,Complete,Natural Gas,northampton,PA,44.56932055,0.354170746,44.92349129,798,40.74935147,-75.31163812
11,1999,Complete,Natural Gas,ocean,NJ,3.31885067,11.18809414,14.50694481,500,39.8895449,-74.28089251
12,1999,Complete,Natural Gas,union,NJ,6.101324086,2.899517008,9.000841094,1186,40.65834647,-74.30673356
13,1999,Complete,Other,westmoreland,PA,23.62846778,11.10362422,34.732092,525,40.31243409,-79.46987424
14,2000,Complete,Natural Gas,kent,DE,22.16261151,0,22.16261151,100,39.08646624,-75.56884914
15,2001,Complete,Natural Gas,baltimore,MD,17.83554127,0,17.83554127,18,39.43869273,-76.62695327
16,2002,Complete,Natural Gas,gloucester,NJ,0,0,0,1.7,39.71581067,-75.13995546
17,2002,Complete,Wind Onshore,atlantic,NJ,19.19597227,0,19.19597227,7.5,39.47538693,-74.65848483
18,2002,Complete,Wind Onshore,grant,WV,0,1.099341446,1.099341446,300,39.10314817,-79.19440518
19,2003,Complete,Natural Gas,atlantic,NJ,312.8468746,0,312.8468746,1.5,39.47538693,-74.65848483
20,2003,Complete,Natural Gas,kane,IL,0,0,0,29,41.93839168,-88.42863984
21,2003,Complete,Oil,salem,NJ,0,0,0,8,39.58717304,-75.34691254
22,2003,Complete,Wind Onshore,lycoming,PA,0,7.40217386,7.40217386,70,41.34310539,-77.06629984
23,2003,Complete,Wind Onshore,somerset,PA,0,78.12517421,78.12517421,69.4,39.97162671,-79.02670354
24,2003,Complete,Wind Onshore,stark,IL,2.680761385,17.20155222,19.88231361,150,41.09309773,-89.79745866
25,2004,Complete,Coal,scioto,OH,16.16070191,30.92058924,47.08129115,75,38.80270163,-82.98907345
26,2004,Complete,Natural Gas,baltimore,MD,115.6153321,0,115.6153321,9,39.43869273,-76.62695327
27,2004,Complete,Natural Gas,new castle,DE,0,0,0,4,39.57992633,-75.64054972
28,2004,Complete,Nuclear,beaver,PA,0,0,0,1652,40.68266486,-80.34970598
29,2004,Complete,Wind Onshore,luzerne,PA,29.090604,0,29.090604,26,41.17821699,-75.9850149
30,2005,Complete,Natural Gas,cumberland,NJ,0.223516651,0,0.223516651,225,39.37167069,-75.10660259
31,2005,Complete,Natural Gas,warren,NJ,118.9830909,0,118.9830909,3.6,40.85951349,-74.9955636
32,2005,Complete,Natural Gas,wicomico,MD,94.14968023,0,94.14968023,6,38.37287843,-75.62738513
33,2005,Complete,Oil,schuylkill,PA,81.56917219,0,81.56917219,8,40.70494737,-76.21477951
34,2005,Complete,Other,adams,IL,0,0,0,20,39.98804276,-91.1877939
35,2005,Complete,Wind Onshore,bureau,IL,2.786048803,13.95756806,16.74361686,74,41.40382413,-89.52829399
36,2005,Complete,Wind Onshore,cambria,PA,2.160128101,13.63405529,15.79418339,70,40.4941853,-78.71788306
37,2005,Complete,Wind Onshore,fayette,PA,6.104638624,23.56729752,29.67193614,50.4,39.91812937,-79.6439364
38,2005,Complete,Wind Onshore,lee,IL,0,10.08253274,10.08253274,457,41.74583951,-89.29977132
39,2005,Complete,Wind Onshore,livingston,IL,0.424130395,21.46665165,21.89078204,600,40.89190343,-88.55782233
40,2005,Complete,Wind Onshore,mercer,IL,10.739245,8.50567,19.244915,200,41.20596782,-90.74290052
41,2005,Complete,Wind Onshore,mineral,WV,0,6.656577123,6.656577123,85,39.41560862,-78.94104729
42,2005,Complete,Wind Onshore,schuylkill,PA,26.36420806,0,26.36420806,27.3,40.70494737,-76.21477951
43,2005,Complete,Wind Onshore,somerset,PA,0,30.44330158,30.44330158,65,39.97162671,-79.02670354
44,2005,Complete,Wind Onshore,woodford,IL,18.54219328,56.03579625,74.57798954,200,40.78584887,-89.20974397
45,2005,Complete,Wind Onshore,wyoming,PA,0,23.93309721,23.93309721,150,41.5195267,-76.01081402
46,2006,Complete,Biomass,berks,PA,0.074809631,20.57264858,20.64745821,30,40.41551389,-75.92318433
47,2006,Complete,Biomass,martin,NC,0.111783875,0,0.111783875,62.5,35.84326734,-77.10860251
48,2006,Complete,Biomass,sullivan,TN,0,0,0,50,36.51240691,-82.30412917
49,2006,Complete,Natural Gas,gloucester,NJ,7.831970154,0,7.831970154,650,39.71581067,-75.13995546
50,2006,Complete,Natural Gas,king george,VA,23.87158901,16.38502208,40.25661109,11,38.26817691,-77.15851654
51,2006,Complete,Natural Gas,lebanon,PA,44.68694875,0,44.68694875,3.2,40.36586739,-76.45479658
52,2006,Complete,Natural Gas,lee,IL,1.407639685,4.848999278,6.256638964,600,41.74583951,-89.29977132
53,2006,Complete,Natural Gas,stafford,VA,102.1246036,169.6638782,271.7884817,2,38.41790493,-77.45929294
54,2006,Complete,Wind Onshore,benton,IN,12.72391185,0.264657367,12.98856922,250,40.60626947,-87.31093999
55,2006,Complete,Wind Onshore,blair,PA,0,138.7383984,138.7383984,38,40.48217287,-78.35076068
56,2006,Complete,Wind Onshore,cambria,PA,3.589366105,5.306995238,8.896361343,75,40.4941853,-78.71788306
57,2006,Complete,Wind Onshore,centre,PA,0,98.28863396,98.28863396,50,40.92126,-77.82249856
58,2006,Complete,Wind Onshore,jo daviess,IL,6.326972844,40.76407942,47.09105226,100,42.36542373,-90.21094405
59,2006,Complete,Wind Onshore,paulding,OH,0,43.47762069,43.47762069,150,41.11676341,-84.5801017
60,2006,Complete,Wind Onshore,schuylkill,PA,5.954530391,73.65690067,79.61143106,100,40.70494737,-76.21477951
61,2006,Complete,Wind Onshore,somerset,PA,0,379.0710528,379.0710528,54.3,39.97162671,-79.02670354
62,2006,Withdrawn,Wind Onshore,champaign,OH,0.578351591,12.68525366,13.26360525,100,40.13923427,-83.76875242
63,2006,Withdrawn,Wind Onshore,livingston,IL,0,0,0,500,40.89190343,-88.55782233
64,2007,Complete,Coal,wise,VA,10.1882476,65.91611553,76.10436312,614,36.97453408,-82.62413781
65,2007,Complete,Hydro,fayette,WV,5.082479811,0,5.082479811,100,38.02974928,-81.08286634
66,2007,Complete,Natural Gas,berrien,MI,0,167.8313203,167.8313203,6.4,41.95447397,-86.4131308
67,2007,Complete,Natural Gas,cumberland,NJ,0,0,0,63,39.37167069,-75.10660259
68,2007,Complete,Natural Gas,harford,MD,15.81100692,26.40516281,42.21616973,130,39.55010556,-76.30775789
69,2007,Complete,Natural Gas,king george,VA,45.15682215,11.64498121,56.80180336,9.8,38.26817691,-77.15851654
70,2007,Complete,Natural Gas,lackawanna,PA,0,30.62170842,30.62170842,9.2,41.43547951,-75.60418146
71,2007,Complete,Natural Gas,montgomery,MD,30.18059371,0,30.18059371,4,39.13676329,-77.20358245
72,2007,Complete,Natural Gas,muskingum,OH,0,0,0,580,39.96575973,-81.94363449
73,2007,Complete,Natural Gas,schuylkill,PA,162.279704,6.185760081,168.4654641,10.5,40.70494737,-76.21477951
74,2007,Complete,Natural Gas,surry,VA,0,7.505798302,7.505798302,92,37.11782639,-76.88446978
75,2007,Complete,Oil,cumberland,NJ,0,0,0,17,39.37167069,-75.10660259
76,2007,Complete,Wind Onshore,allegheny,PA,0,15.45091007,15.45091007,70,40.47039917,-79.98554139
77,2007,Complete,Wind Onshore,jay,IN,0,68.53448471,68.53448471,120,40.43781032,-85.00576229
78,2007,Complete,Wind Onshore,kankakee,IL,0.362245925,10.40860875,10.77085468,350,41.13745682,-87.86198066
79,2007,Complete,Wind Onshore,van wert,OH,0,6.334410054,6.334410054,350,40.8554138,-84.591117
80,2007,Complete,Wind Onshore,white,IN,0,6.928862891,6.928862891,202,40.74911165,-86.86492015
81,2008,Complete,Natural Gas,henrico,VA,25.1671024,0,25.1671024,8,37.53459785,-77.39324619
82,2008,Complete,Wind Onshore,benton,IN,0,0,0,200,40.60626947,-87.31093999
83,2008,Complete,Wind Onshore,garrett,MD,8.361647501,1.981750307,10.34339781,110,39.52786077,-79.27355126
84,2008,Complete,Wind Onshore,hardin,OH,1.509802601,4.176769875,5.686572476,250,40.66015414,-83.65929931
85,2008,Complete,Wind Onshore,madison,IN,0,14.41078287,14.41078287,200,40.16143691,-85.71964711
86,2008,Complete,Wind Onshore,paulding,OH,3.948691041,5.656233113,9.604924154,150,41.11676341,-84.5801017
87,2008,Complete,Wind Onshore,randolph,IN,0,46.62828315,46.62828315,200,40.15734772,-85.01139319
88,2008,Complete,Wind Onshore,seneca,OH,0,9.676931883,9.676931883,200,41.12350926,-83.12782425
89,2008,Complete,Wind Onshore,white,IN,0,0,0,200,40.74911165,-86.86492015
90,2008,Withdrawn,Solar,morris,NJ,0,0,0,20,40.86247792,-74.54435366
91,2008,Withdrawn,Wind Onshore,columbia,PA,0,35.19063935,35.19063935,100,41.04821776,-76.40564977
92,2008,Withdrawn,Wind Onshore,richland,OH,6.705409786,13.80176053,20.50717031,200,40.77180308,-82.5379961
93,2009,Complete,Hydro,butler,OH,0,45.67338026,45.67338026,112,39.44012838,-84.57388716
94,2009,Complete,Natural Gas,anne arundel,MD,202.6177627,0,202.6177627,4,39.00668786,-76.60327934
95,2009,Complete,Natural Gas,atlantic,NJ,16.87909132,30.08528055,46.96437188,5.5,39.47538693,-74.65848483
96,2009,Complete,Natural Gas,henrico,VA,45.94356814,22.16272364,68.10629178,4,37.53459785,-77.39324619
97,2009,Complete,Solar,gloucester,NJ,60.40373132,0,60.40373132,5.1,39.71581067,-75.13995546
98,2009,Complete,Solar,salem,NJ,0,0,0,19.9,39.58717304,-75.34691254
99,2009,Complete,Wind Onshore,bradford,PA,0,0,0,100.5,41.78869215,-76.51570822
100,2009,Complete,Wind Onshore,paulding,OH,17.94977707,0,17.94977707,100,41.11676341,-84.5801017
101,2009,Complete,Wind Onshore,randolph,IN,16.18627298,0,16.18627298,200,40.15734772,-85.01139319
102,2010,Complete,Biomass,halifax,VA,11.77788944,76.66971524,88.44760468,47.4,36.76654925,-78.93512622
103,2010,Complete,Natural Gas,cumberland,NJ,108.4535736,7.892509205,116.3460828,63,39.37167069,-75.10660259
104,2010,Complete,Natural Gas,lancaster,PA,41.31685327,26.14641967,67.46327294,11.4,40.0379531,-76.24722217
105,2010,Complete,Solar,franklin,PA,0,12.18297177,12.18297177,13.5,39.92956518,-77.72157791
106,2010,Complete,Solar,frederick,MD,0,59.59307406,59.59307406,14,39.47267345,-77.39779097
107,2010,Complete,Solar,hunterdon,NJ,0,0,0,15,40.56334733,-74.91284039
108,2010,Complete,Solar,warren,NJ,23.42855538,76.3214306,99.74998598,11.8,40.85951349,-74.9955636
109,2010,Complete,Storage,luzerne,PA,0,47.86856751,47.86856751,20,41.17821699,-75.9850149
110,2010,Complete,Wind Onshore,hardin,OH,0.437201928,16.04018675,16.47738868,66.7,40.66015414,-83.65929931
111,2010,Complete,Wind Onshore,pasquotank,NC,2.246413901,20.64418378,22.89059768,208,36.26723798,-76.25134778
112,2011,Complete,Biomass,campbell,VA,0,0,0,60,37.20551978,-79.09674063
113,2011,Complete,Natural Gas,brunswick,VA,1.188237919,60.94136314,62.12960106,1525.5,36.76366949,-77.8593436
114,2011,Complete,Natural Gas,franklin,VA,0.769180242,0,0.769180242,70,36.98924496,-79.84651805
115,2011,Complete,Other,new castle,DE,0,20.72183172,20.72183172,24.9,39.57992633,-75.64054972
116,2011,Complete,Solar,anne arundel,MD,178.5368049,0,178.5368049,20,39.00668786,-76.60327934
117,2011,Complete,Solar,warren,NJ,0,78.70504492,78.70504492,8,40.85951349,-74.9955636
118,2011,Complete,Solar,washington,MD,8.261804503,18.43842425,26.70022875,20,39.60680917,-77.81714716
119,2011,Complete,Wind Offshore,cape may,NJ,63.33872244,0,63.33872244,25,39.14963789,-74.80126369
120,2011,Complete,Wind Onshore,logan,IL,0,19.91313821,19.91313821,250,40.1257867,-89.36637494
121,2012,Complete,Biomass,covington,VA,6.929612642,0,6.929612642,50,37.77820686,-79.98573507
122,2012,Complete,Hydro,pleasants,WV,0,0,0,43.2,39.37094524,-81.16770317
123,2012,Complete,Natural Gas,cape may,NJ,0.794905447,0,0.794905447,447,39.14963789,-74.80126369
124,2012,Complete,Natural Gas,carroll,OH,2.84840827,0,2.84840827,742,40.57892974,-81.09182162
125,2012,Complete,Natural Gas,hamilton,OH,0,0,0,20,39.19673427,-84.54503249
126,2012,Complete,Natural Gas,loudoun,VA,0,4.820340693,4.820340693,800,39.08990083,-77.63481877
127,2012,Complete,Natural Gas,prince george's,MD,0,12.38065232,12.38065232,735.5,38.83070039,-76.8496441
128,2012,Complete,Natural Gas,union,NJ,5.604195975,0,5.604195975,17.9,40.65834647,-74.30673356
129,2012,Complete,Wind Onshore,somerset,PA,0,48.96710312,48.96710312,38.3,39.97162671,-79.02670354
130,2013,Active,Natural Gas,middlesex,NJ,0,8.190435939,8.190435939,675,40.43629879,-74.41426991
131,2013,Complete,Natural Gas,beaver,PA,3.934729485,4.858097876,8.792827361,205,40.68266486,-80.34970598
132,2013,Complete,Natural Gas,butler,OH,18.83474054,26.3931283,45.22786883,513,39.44012838,-84.57388716
133,2013,Complete,Natural Gas,cecil,MD,0.598238517,0,0.598238517,1000,39.56654283,-75.94628056
134,2013,Complete,Natural Gas,greensville,VA,2.12250259,103.2246739,105.3471765,1681,36.67878837,-77.56351483
135,2013,Complete,Solar,gloucester,NJ,126.4176025,0,126.4176025,3.8,39.71581067,-75.13995546
136,2013,Complete,Solar,northampton,VA,23.09801225,5.774503061,28.87251531,20,37.34062933,-75.87751591
137,2013,Complete,Wind Onshore,perquimans,NC,5.446150763,37.89674371,43.34289447,189,36.17847453,-76.40603143
138,2013,Withdrawn,Wind Offshore,cuyahoga,OH,0,0,0,18,41.424119,-81.65918339
139,2014,Complete,Natural Gas,berks,PA,0.024567299,0,0.024567299,591.1,40.41551389,-75.92318433
140,2014,Complete,Natural Gas,bucks,PA,0,0,0,1342,40.3374017,-75.10876276
141,2014,Complete,Natural Gas,clinton,PA,0,16.33687624,16.33687624,463,41.23284762,-77.63656492
142,2014,Complete,Natural Gas,columbiana,OH,0,6.413493752,6.413493752,1152,40.76665335,-80.77757848
143,2014,Complete,Natural Gas,hanover,VA,3.309273035,4.851969811,8.161242845,340,37.75956699,-77.49076272
144,2014,Complete,Natural Gas,lawrence,PA,0,5.153111826,5.153111826,1000,40.99205521,-80.33391573
145,2014,Complete,Natural Gas,livingston,IL,0.429865922,0,0.429865922,13.3,40.89190343,-88.55782233
146,2014,Complete,Natural Gas,luzerne,PA,0,5.462636174,5.462636174,1050,41.17821699,-75.9850149
147,2014,Complete,Natural Gas,salem,NJ,6.448820572,6.287140178,12.73596075,529,39.58717304,-75.34691254
148,2014,Complete,Solar,accomack,VA,28.18431003,140.2288985,168.4132086,20,37.76707161,-75.63234615
149,2014,Complete,Solar,burlington,NJ,0,0,0,13,39.87681868,-74.66931433
150,2014,Complete,Solar,edgecombe,NC,0.289620201,19.05347812,19.34309832,80,35.91230639,-77.59436892
151,2014,Complete,Solar,frederick,MD,0,33.04298974,33.04298974,9,39.47267345,-77.39779097
152,2014,Complete,Solar,hertford,NC,8.836199194,37.21770112,46.05390031,80,36.3607755,-76.98104134
153,2014,Complete,Solar,martin,NC,19.67457886,34.45815362,54.13273248,15,35.84326734,-77.10860251
154,2014,Complete,Solar,northampton,NC,7.086532802,76.14919973,83.23573254,74.9,36.41735802,-77.39760076
155,2014,Complete,Solar,pasquotank,NC,10.88751361,22.56261746,33.45013107,20,36.26723798,-76.25134778
156,2014,Complete,Storage,allegheny,PA,0,1.040460461,1.040460461,11,40.47039917,-79.98554139
157,2014,Complete,Storage,monmouth,NJ,24.81807513,0,24.81807513,20,40.26549699,-74.22240686
158,2014,Complete,Storage,somerset,PA,0,0,0,48,39.97162671,-79.02670354
159,2014,Complete,Wind Onshore,cambria,PA,0,0,0,30,40.4941853,-78.71788306
160,2014,Complete,Wind Onshore,livingston,IL,4.654237255,31.26570914,35.91994639,350,40.89190343,-88.55782233
161,2015,Active,Natural Gas,clinton,PA,0,7.825728649,7.825728649,504,41.23284762,-77.63656492
162,2015,Active,Natural Gas,lucas,OH,0.795108987,6.810837201,7.605946188,955,41.6210129,-83.65478637
163,2015,Active,Storage,luzerne,PA,40.59184186,13.45883351,54.05067537,20,41.17821699,-75.9850149
164,2015,Complete,Natural Gas,allegheny,PA,1.024916469,27.68761931,28.71253578,541,40.47039917,-79.98554139
165,2015,Complete,Natural Gas,bradford,PA,12.77154512,45.20433048,57.9758756,19.9,41.78869215,-76.51570822
166,2015,Complete,Natural Gas,buckingham,VA,0,0,0,682,37.57242231,-78.52518843
167,2015,Complete,Natural Gas,cass,MI,20.9234362,3.431688415,24.35512461,994,41.91522292,-85.99405727
168,2015,Complete,Natural Gas,clearfield,PA,0,0.019380396,0.019380396,590,41.00110782,-78.47592663
169,2015,Complete,Natural Gas,fayette,PA,0,0.020569023,0.020569023,706,39.91812937,-79.6439364
170,2015,Complete,Natural Gas,middlesex,NJ,5.336740009,7.71220331,13.04894332,568,40.43629879,-74.41426991
171,2015,Complete,Natural Gas,trumbull,OH,0,3.965474189,3.965474189,956.5,41.31735028,-80.76109643
172,2015,Complete,Solar,edgecombe,NC,6.719604903,87.38445287,94.10405777,80,35.91230639,-77.59436892
173,2015,Complete,Solar,franklin,PA,3.446802662,8.37041505,11.81721771,40,39.92956518,-77.72157791
174,2015,Complete,Solar,northampton,NC,19.53064539,1.337435011,20.8680804,120,36.41735802,-77.39760076
175,2015,Complete,Solar,queen anne's,MD,0,127.5245241,127.5245241,4,39.06198912,-76.03530977
176,2015,Complete,Solar,southampton,VA,6.700156297,83.61169127,90.31184756,100,36.72231125,-77.10642712
177,2015,Complete,Solar,washington,NC,7.818406042,22.83008101,30.64848705,80,35.83810081,-76.57299037
178,2015,Complete,Solar Hybrid,essex,NJ,0,0,0,2,40.78645921,-74.24609663
179,2015,Complete,Storage,warren,NJ,25.2129259,0.737520962,25.95044686,20,40.85951349,-74.9955636
180,2015,Complete,Wind Offshore,sussex,DE,4.317354399,5.960006985,10.27736138,247.8,38.66143781,-75.39031349
181,2015,Complete,Wind Onshore,white,IN,0,0.219192538,0.219192538,200,40.74911165,-86.86492015
182,2015,Withdrawn,Natural Gas,lackawanna,PA,0,358.1390521,358.1390521,485,41.43547951,-75.60418146
183,2015,Withdrawn,Natural Gas,mason,KY,0,5.037669565,5.037669565,1150,38.59472015,-83.8215143
184,2015,Withdrawn,Natural Gas,snyder,PA,5.505314664,148.9244426,154.4297572,1030,40.77114873,-77.06884739
185,2015,Withdrawn,Natural Gas,washington,PA,0,4.931414396,4.931414396,1025,40.19184046,-80.24577048
186,2015,Withdrawn,Solar,southampton,VA,5.688032967,74.23901099,79.92704396,91,36.72231125,-77.10642712
187,2016,Active,Natural Gas,guernsey,OH,80.31413863,11.9619346,92.27607324,550,40.05026529,-81.49248905
188,2016,Active,Natural Gas,snyder,PA,0,0,0,1143,40.77114873,-77.06884739
189,2016,Active,Solar,adams,OH,22.92240574,25.45729225,48.37969799,49.9,38.84541072,-83.4718964
190,2016,Active,Solar,carbon,PA,0,2.92721498,2.92721498,10,40.91508025,-75.70908737
191,2016,Active,Solar,crawford,OH,42.73504274,25.21367521,67.94871795,117,40.85064565,-82.91989325
192,2016,Active,Solar,culpeper,VA,6.936239314,96.06032,102.9965593,160,38.48401706,-77.95862398
193,2016,Active,Solar,dinwiddie,VA,6.797585746,91.10810642,97.90569217,80,37.07544384,-77.6345015
194,2016,Active,Solar,halifax,VA,16.98911455,192.5097196,209.4988342,73.9,36.76654925,-78.93512622
195,2016,Active,Solar,hanover,VA,0,40.6818875,40.6818875,80,37.75956699,-77.49076272
196,2016,Active,Solar,hardin,OH,17.26376105,4.315940262,21.57970131,130,40.66015414,-83.65929931
197,2016,Active,Solar,hertford,NC,44.2692,149.7186,193.9878,5,36.3607755,-76.98104134
198,2016,Active,Solar,jackson,OH,78.28304934,31.31321973,109.5962691,70,39.01914254,-82.6181856
199,2016,Active,Solar,meigs,OH,2.543786495,32.19053921,34.7343257,48,39.09224872,-82.0305041
200,2016,Active,Solar,pitt,NC,0,36.7416875,36.7416875,80,35.59505651,-77.37395433
201,2016,Active,Solar,vinton,OH,1.00475217,27.89500217,28.89975434,125,39.25208988,-82.4831444
202,2016,Complete,Hydro,lynchburg,VA,0,0,0,12.5,37.40007824,-79.19884219
203,2016,Complete,Natural Gas,franklin,PA,0,0.950082316,0.950082316,15,39.92956518,-77.72157791
204,2016,Complete,Natural Gas,lebanon,PA,0.019001646,0,0.019001646,750,40.36586739,-76.45479658
205,2016,Complete,Natural Gas,monroe,OH,0,27.50175264,27.50175264,485,39.72994996,-81.07535715
206,2016,Complete,Natural Gas,van buren,MI,0,0,0,1055,42.25190229,-86.01939088
207,2016,Complete,Natural Gas,westmoreland,PA,0,9.681114374,9.681114374,1050,40.31243409,-79.46987424
208,2016,Complete,Nuclear,york,PA,0,13.07912425,13.07912425,2709.8,39.92283716,-76.73159403
209,2016,Complete,Solar,alamance,NC,9.792133333,111.2234,121.0155333,60,36.0434701,-79.39976137
210,2016,Complete,Solar,buckingham,VA,0,0,0,19.8,37.57242231,-78.52518843
211,2016,Complete,Solar,campbell,VA,0.46810668,6.627965041,7.096071721,60,37.20551978,-79.09674063
212,2016,Complete,Solar,charles city,VA,5.192064423,5.535893434,10.72795786,320,37.3535706,-77.05632773
213,2016,Complete,Solar,chesapeake,VA,3.672715281,53.38090974,57.05362503,150,36.67670048,-76.30545744
214,2016,Complete,Solar,culpeper,VA,8.669193868,122.7094852,131.378679,60,38.48401706,-77.95862398
215,2016,Complete,Solar,defiance,OH,15.37422612,8.78527207,24.15949819,49.9,41.32398837,-84.49076944
216,2016,Complete,Solar,edgecombe,NC,6.597921179,97.27197023,103.8698914,175,35.91230639,-77.59436892
217,2016,Complete,Solar,fauquier,VA,0,0,0,19.8,38.73564842,-77.80647472
218,2016,Complete,Solar,greensville,VA,18.01163699,70.38821649,88.39985352,260,36.67878837,-77.56351483
219,2016,Complete,Solar,halifax,NC,6.786283508,97.51995988,104.3062434,80,36.25673944,-77.65561111
220,2016,Complete,Solar,halifax,VA,77.86348925,108.2397239,186.1032132,71,36.76654925,-78.93512622
221,2016,Complete,Solar,harrison,KY,4.4687566,88.60905944,93.07781604,80,38.44168172,-84.32901095
222,2016,Complete,Solar,highland,OH,0,23.10692393,23.10692393,550,39.1839264,-83.60331456
223,2016,Complete,Solar,hyde,NC,7.448862564,100.53974,107.9886026,74,35.42017674,-76.15180542
224,2016,Complete,Solar,isle of wight,VA,11.30445717,18.02881849,29.33327566,240,36.90566225,-76.70855328
225,2016,Complete,Solar,king george,VA,10.7928001,140.3743199,151.16712,50,38.26817691,-77.15851654
226,2016,Complete,Solar,louisa,VA,7.521797184,186.3173769,193.8391741,88.2,37.97849713,-77.9627492
227,2016,Complete,Solar,madison,OH,2.284869446,40.48983659,42.77470603,176,39.89381073,-83.40178317
228,2016,Complete,Solar,mecklenburg,VA,44.05837137,147.2433832,191.3017546,149.9,36.67882005,-78.36131056
229,2016,Complete,Solar,middlesex,NJ,9.559642949,21.92036407,31.48000702,13.1,40.43629879,-74.41426991
230,2016,Complete,Solar,orange,VA,8.488497061,125.8018056,134.2903027,62.5,38.24807863,-78.01156566
231,2016,Complete,Solar,pickaway,OH,0,25.44880391,25.44880391,199.6,39.64170392,-83.0243386
232,2016,Complete,Solar,pike,KY,109.5962691,39.45465686,149.0509259,50,37.47088263,-82.39487445
233,2016,Complete,Solar,pittsylvania,VA,30.16275032,83.44053939,113.6032897,192,36.81980341,-79.39731264
234,2016,Complete,Solar,powhatan,VA,0,0,0,20,37.55016038,-77.91267882
235,2016,Complete,Solar,prince george,VA,3.762470743,79.82933477,83.59180551,160,37.1854013,-77.22950752
236,2016,Complete,Solar,randolph,IN,0,3.1,3.1,100,40.15734772,-85.01139319
237,2016,Complete,Solar,ross,OH,20.57025082,65.06878061,85.63903144,49.9,39.33705391,-83.06000914
238,2016,Complete,Solar,spotsylvania,VA,8.086661514,5.503825227,13.59048674,500,38.18574362,-77.6554001
239,2016,Complete,Solar,surry,VA,5.707258673,35.92122858,41.62848725,240.3,37.11782639,-76.88446978
240,2016,Complete,Solar,sussex,VA,5.457460085,63.32787085,68.78533095,70,36.92434826,-77.25788472
241,2016,Complete,Solar,warren,NC,8.997805824,106.8171544,115.8149602,65,36.39728256,-78.10652228
242,2016,Complete,Wind Onshore,lee,IL,0.318791042,0,0.318791042,70.4,41.74583951,-89.29977132
243,2016,Complete,Wind Onshore,paulding,OH,7.348274843,10.52590721,17.87418205,75.9,41.11676341,-84.5801017
244,2016,Withdrawn,Natural Gas,charles city,VA,3.993627486,6.921646817,10.9152743,2660,37.3535706,-77.05632773
245,2016,Withdrawn,Natural Gas,harrison,OH,0.819593551,42.45605743,43.27565098,1050,40.29376929,-81.09064708
246,2016,Withdrawn,Natural Gas,hudson,NJ,0,89.01597792,89.01597792,1041.4,40.75436378,-74.07743191
247,2016,Withdrawn,Natural Gas,marshall,WV,5.563262389,1.390815597,6.954077987,394,39.86064362,-80.66591062
248,2016,Withdrawn,Natural Gas,middlesex,NJ,0,335.6765839,335.6765839,675,40.43629879,-74.41426991
249,2016,Withdrawn,Solar,king george,VA,13.42176798,209.2734669,222.6952349,18,38.26817691,-77.15851654
250,2016,Withdrawn,Solar,luzerne,PA,28.53698003,30.71876461,59.25574464,20,41.17821699,-75.9850149
251,2016,Withdrawn,Solar,marion,OH,2.792327273,76.62338954,79.41571681,150,40.58610662,-83.15736305
252,2016,Withdrawn,Solar,mecklenburg,VA,0,5.205822781,5.205822781,20,36.67882005,-78.36131056
253,2016,Withdrawn,Solar,perquimans,NC,51.27220337,143.0820939,194.3542973,5,36.17847453,-76.40603143
254,2016,Withdrawn,Solar,prince edward,VA,8.21972018,291.1759522,299.3956724,240,37.22553089,-78.43593963
255,2016,Withdrawn,Solar,ross,OH,13.69953363,12.32958027,26.0291139,40,39.33705391,-83.06000914
256,2016,Withdrawn,Solar,washington,NC,12.49249512,396.8411309,409.3336261,20,35.83810081,-76.57299037
257,2016,Withdrawn,Solar,york,PA,79.15286099,0,79.15286099,18,39.92283716,-76.73159403
258,2016,Withdrawn,Storage,auglaize,OH,0,0,0,19.9,40.55998859,-84.2242143
259,2016,Withdrawn,Wind Onshore,henry,IN,27.39906727,18.35737507,45.75644234,200,39.93029017,-85.39625719
260,2016,Withdrawn,Wind Onshore,huron,OH,0,12.92048017,12.92048017,60,41.14651175,-82.59867951
261,2017,Active,Natural Gas,delaware,PA,0,0.017888401,0.017888401,919,39.91569836,-75.39991691
262,2017,Active,Natural Gas,luzerne,PA,0,0.024944517,0.024944517,1105,41.17821699,-75.9850149
263,2017,Active,Solar,clermont,OH,5.479813453,72.29737082,77.77718427,80,39.04847534,-84.15375786
264,2017,Active,Solar,culpeper,VA,0,31.79942323,31.79942323,150,38.48401706,-77.95862398
265,2017,Active,Solar,greene,OH,0,11.47503736,11.47503736,175,39.69116283,-83.89032084
266,2017,Active,Solar,halifax,VA,0,0,0,134.7,36.76654925,-78.93512622
267,2017,Active,Solar,harrison,KY,0,8.932095929,8.932095929,20,38.44168172,-84.32901095
268,2017,Active,Solar,isle of wight,VA,0,0,0,240,36.90566225,-76.70855328
269,2017,Active,Solar,madison,OH,0,0.248301745,0.248301745,196,39.89381073,-83.40178317
270,2017,Active,Solar,meigs,OH,22.83255606,4.566511211,27.39906727,60,39.09224872,-82.0305041
271,2017,Active,Solar,page,VA,9.407371037,84.98298266,94.39035369,100,38.62269337,-78.48553191
272,2017,Active,Solar,pickaway,OH,21.88778743,7.295929143,29.18371657,70,39.64170392,-83.0243386
273,2017,Active,Solar,powhatan,VA,6.681755351,80.37985726,87.06161261,99.9,37.55016038,-77.91267882
274,2017,Active,Solar,preble,OH,0,0,0,20,39.7420247,-84.64787018
275,2017,Active,Wind Hybrid,carbon,PA,13.02660509,21.54945652,34.57606161,90,40.91508025,-75.70908737
276,2017,Complete,Coal,chesterfield,VA,0,0,0,370,37.37369854,-77.58668072
277,2017,Complete,Natural Gas,warren,VA,0,0,0,1484,38.90848718,-78.20280854
278,2017,Complete,Solar,adams,PA,0,23.00628529,23.00628529,55,39.87204983,-77.21604164
279,2017,Complete,Solar,augusta,VA,3.3576512,46.10551496,49.46316616,150,38.16228791,-79.1256185
280,2017,Complete,Solar,charles,MD,6.493575038,22.14054255,28.63411759,27.5,38.51092331,-76.98580666
281,2017,Complete,Solar,clermont,OH,0.449154439,19.7497856,20.19894004,70,39.04847534,-84.15375786
282,2017,Complete,Solar,franklin,PA,0.970358576,14.92010612,15.8904647,35,39.92956518,-77.72157791
283,2017,Complete,Solar,frederick,VA,4.198758582,87.11798943,91.31674801,75,39.20177863,-78.26012305
284,2017,Complete,Solar,gloucester,VA,11.3664813,156.3692492,167.7357305,50,37.40809042,-76.53524337
285,2017,Complete,Solar,halifax,VA,5.87744109,90.37530757,96.25274862,114.2,36.76654925,-78.93512622
286,2017,Complete,Solar,isle of wight,VA,6.190973687,91.74187522,97.9328489,85,36.90566225,-76.70855328
287,2017,Complete,Solar,kent,DE,22.67028313,204.0325481,226.7028313,20,39.08646624,-75.56884914
288,2017,Complete,Solar,king william,VA,0,0,0,74,37.70976727,-77.09053578
289,2017,Complete,Solar,mecklenburg,VA,0,1.043773991,1.043773991,105,36.67882005,-78.36131056
290,2017,Complete,Solar,page,VA,0,0.679496868,0.679496868,20,38.62269337,-78.48553191
291,2017,Complete,Solar,preble,OH,1.36713698,7.94946136,9.31659834,49.9,39.7420247,-84.64787018
292,2017,Complete,Solar,surry,VA,0,0.074809631,0.074809631,150,37.11782639,-76.88446978
293,2017,Complete,Solar,wythe,VA,24.94393541,20.31233562,45.25627103,75,36.91582035,-81.07834059
294,2017,Complete,Solar Hybrid,adams,PA,0.029621472,16.19885964,16.22848111,100,39.87204983,-77.21604164
295,2017,Withdrawn,Hydro,garrett,MD,29.51611914,432.4700054,461.9861245,15,39.52786077,-79.27355126
296,2017,Withdrawn,Natural Gas,jefferson,PA,16.46822868,68.47316136,84.94139004,20,41.12913472,-78.99852964
297,2017,Withdrawn,Natural Gas,tioga,PA,7.375440763,30.83687933,38.2123201,20,41.77256304,-77.25442096
298,2017,Withdrawn,Solar,allegany,MD,0,0,0,20,39.62357628,-78.69280486
299,2017,Withdrawn,Solar,charles,MD,21.41265401,73.00874703,94.42140104,32.5,38.51092331,-76.98580666
300,2017,Withdrawn,Solar,culpeper,VA,21.23427713,175.3540305,196.5883076,80,38.48401706,-77.95862398
301,2017,Withdrawn,Solar,halifax,NC,86.96619627,7628.899166,7715.865362,20,36.25673944,-77.65561111
302,2017,Withdrawn,Solar,halifax,VA,16.98742171,19.72732843,36.71475014,100,36.76654925,-78.93512622
303,2017,Withdrawn,Solar,jackson,OH,78.28304934,29.41205996,107.6951093,49,39.01914254,-82.6181856
304,2017,Withdrawn,Solar,orange,VA,16.43944036,0,16.43944036,20,38.24807863,-78.01156566
305,2017,Withdrawn,Solar,prince george,VA,8.589083793,132.9259135,141.5149973,60,37.1854013,-77.22950752
306,2017,Withdrawn,Wind Onshore,fayette,PA,0,111.7744949,111.7744949,80,39.91812937,-79.6439364
307,2017,Withdrawn,Wind Onshore,huron,OH,0,19.19917047,19.19917047,500.4,41.14651175,-82.59867951
308,2017,Withdrawn,Wind Onshore,jasper,IN,43.83850763,17.26141238,61.09992001,200,41.02078733,-87.11553319
309,2018,Active,Solar,allegany,MD,17.44943053,577.8343455,595.283776,18,39.62357628,-78.69280486
310,2018,Complete,Solar,camden,NJ,3.631738973,12.38280467,16.01454364,13.2,39.80338264,-74.96387341
311,2018,Complete,Solar,hunterdon,NJ,140.5461121,164.7935465,305.3396586,7.5,40.56334733,-74.91284039
312,2018,Complete,Solar,rockingham,VA,34.72862272,145.0430714,179.7716941,50,38.50786076,-78.87099376
313,2019,Active,Hydro,fayette,WV,0,0,0,51,38.02974928,-81.08286634
314,2019,Active,Natural Gas,chesterfield,VA,3.926442038,43.93194282,47.85838486,1138,37.37369854,-77.58668072
315,2019,Active,Solar,adams,PA,2.115714286,54.65714285,56.77285715,86.3,39.87204983,-77.21604164
316,2019,Active,Solar,albemarle,VA,13.79659865,186.0898606,199.8864592,193,38.02073717,-78.555084
317,2019,Active,Solar,allen,OH,6.15808523,8.152858015,14.31094325,400,40.77285242,-84.10802343
318,2019,Active,Solar,amelia,VA,44.11204858,458.5454456,502.6574942,41,37.34081025,-77.98584649
319,2019,Active,Solar,armstrong,PA,17.3384253,59.11722601,76.45565131,20,40.8178373,-79.46378371
320,2019,Active,Solar,auglaize,OH,5.360843918,122.9678115,128.3286554,77,40.55998859,-84.2242143
321,2019,Active,Solar,bedford,PA,8.792913159,2.442817721,11.23573088,16.6,40.00586266,-78.49123865
322,2019,Active,Solar,blackford,IN,7.367915644,38.7462477,46.11416335,150,40.47388153,-85.32499702
323,2019,Active,Solar,blair,PA,3.03375,1505.8625,1508.89625,80,40.48217287,-78.35076068
324,2019,Active,Solar,bradford,PA,3.849577323,19.88196071,23.73153803,13.6,41.78869215,-76.51570822
325,2019,Active,Solar,buckingham,VA,17,71,88,100,37.57242231,-78.52518843
326,2019,Active,Solar,butler,OH,66.58426714,0.112901426,66.69716857,49,39.44012838,-84.57388716
327,2019,Active,Solar,campbell,VA,24.44956213,298.6524495,323.1020116,187.4,37.20551978,-79.09674063
328,2019,Active,Solar,caroline,VA,41.10440891,352.1744755,393.2788845,44,38.02991616,-77.34734766
329,2019,Active,Solar,centre,PA,7.455608603,375.9935959,383.4492045,123.6,40.92126,-77.82249856
330,2019,Active,Solar,champaign,OH,0,52.51196734,52.51196734,78,40.13923427,-83.76875242
331,2019,Active,Solar,charlotte,VA,29.25666752,791.9228169,821.1794845,100,37.01909701,-78.66314092
332,2019,Active,Solar,clarion,PA,8.838892576,6.108939381,14.94783196,15.9,41.19309854,-79.42292562
333,2019,Active,Solar,clark,OH,1.651311963,56.72738934,58.3787013,180,39.91592241,-83.78497648
334,2019,Active,Solar,clearfield,PA,3.035659594,10.3504079,13.3860675,33.5,41.00110782,-78.47592663
335,2019,Active,Solar,columbia,PA,34.39786191,7.896260576,42.29412249,55,41.04821776,-76.40564977
336,2019,Active,Solar,columbiana,OH,2.006896552,67.36689655,69.3737931,145,40.76665335,-80.77757848
337,2019,Active,Solar,crawford,PA,9.231454752,66.12077608,75.35223083,254,41.6848279,-80.10872001
338,2019,Active,Solar,dauphin,PA,41.17211029,19.46898238,60.64109267,17,40.41397293,-76.77655524
339,2019,Active,Solar,defiance,OH,13.97227516,29.23893621,43.21121136,90,41.32398837,-84.49076944
340,2019,Active,Solar,dekalb,IL,11.82087576,286.0651935,297.8860693,90,41.89372684,-88.76958542
341,2019,Active,Solar,dekalb,IN,6.074686743,6.535532588,12.61021933,96,41.39804622,-84.99906934
342,2019,Active,Solar,delaware,IN,10.10043987,114.0785721,124.179012,83,40.22787247,-85.39732772
343,2019,Active,Solar,dinwiddie,VA,9.317410037,815.7891291,825.1065391,314,37.07544384,-77.6345015
344,2019,Active,Solar,elk,PA,4.55852932,15.54279604,20.10132536,40,41.42822061,-78.64524744
345,2019,Active,Solar,elkhart,IN,2.659697047,79.79091141,82.45060846,100,41.59761169,-85.85875695
346,2019,Active,Solar,erie,OH,2.47670989,9.33830272,11.81501261,125,41.36796058,-82.62904521
347,2019,Active,Solar,erie,PA,25.67063522,544.4371578,570.107793,157,41.9927335,-80.03291079
348,2019,Active,Solar,fauquier,VA,30,118.5714286,148.5714286,70,38.73564842,-77.80647472
349,2019,Active,Solar,fayette,KY,7.51364416,10.61515013,18.12879429,120,38.0378066,-84.45931358
350,2019,Active,Solar,fleming,KY,7.513644158,625.1981357,632.7117798,80,38.367538,-83.69657052
351,2019,Active,Solar,franklin,IN,4.657425051,98.49153687,103.1489619,180,39.41425351,-85.06062363
352,2019,Active,Solar,franklin,OH,10.15472332,22.74040975,32.89513308,300,39.96995815,-83.01115755
353,2019,Active,Solar,franklin,PA,8.020305006,28.79782919,36.8181342,71.9,39.92956518,-77.72157791
354,2019,Active,Solar,fulton,OH,3.16322344,82.77887492,85.94209836,199,41.60213491,-84.12571393
355,2019,Active,Solar,greensville,VA,10.30303031,84.39772725,94.7007576,97.4,36.67878837,-77.56351483
356,2019,Active,Solar,halifax,VA,5.61786544,441.0414291,446.6592946,500,36.76654925,-78.93512622
357,2019,Active,Solar,hanover,VA,0,531.8161767,531.8161767,80,37.75956699,-77.49076272
358,2019,Active,Solar,henry,OH,0.212775764,52.74179244,52.95456821,40,41.3339642,-84.06830637
359,2019,Active,Solar,henry,VA,9.1466304,103.9889475,113.1355779,341.1,36.68227381,-79.87742515
360,2019,Active,Solar,hertford,NC,11.57620757,690.7127902,702.2889978,150,36.3607755,-76.98104134
361,2019,Active,Solar,highland,OH,0.141168536,153.865111,154.0062795,230,39.1839264,-83.60331456
362,2019,Active,Solar,huntingdon,PA,15.255,78.28,93.535,20,40.42191613,-77.97726673
363,2019,Active,Solar,huntington,IN,6.079307536,145.9033809,151.9826884,35,40.82907273,-85.48822092
364,2019,Active,Solar,indiana,PA,19.90185352,126.3335031,146.2353567,110,40.6525369,-79.08979203
365,2019,Active,Solar,jackson,OH,15.99016261,165.2316803,181.2218429,49.9,39.01914254,-82.6181856
366,2019,Active,Solar,jay,IN,5.147800736,51.47800736,56.6258081,155,40.43781032,-85.00576229
367,2019,Active,Solar,jefferson,PA,2.696666667,86.34555556,89.04222222,90,41.12913472,-78.99852964
368,2019,Active,Solar,jefferson,WV,2.040280791,46.08754426,48.12782505,179,39.30699345,-77.86028517
369,2019,Active,Solar,kankakee,IL,7.092525459,21.27757638,28.37010183,150,41.13745682,-87.86198066
370,2019,Active,Solar,kendall,IL,10.63878819,21.27757638,31.91636456,100,41.5908102,-88.42869575
371,2019,Active,Solar,king george,VA,22.34145519,109.3207192,131.6621744,100,38.26817691,-77.15851654
372,2019,Active,Solar,lake,IN,8.51103055,29.25666752,37.76769807,200,41.41874274,-87.38277575
373,2019,Active,Solar,lebanon,PA,40.32653668,95.67210969,135.9986464,85,40.36586739,-76.45479658
374,2019,Active,Solar,lee,IL,4.934489521,338.3040915,343.2385811,675,41.74583951,-89.29977132
375,2019,Active,Solar,louisa,VA,20.20543982,344.6044067,364.8098466,221,37.97849713,-77.9627492
376,2019,Active,Solar,madison,OH,7.426560529,143.4451834,150.871744,155,39.89381073,-83.40178317
377,2019,Active,Solar,martin,KY,3.606574355,8.07188094,11.6784553,400,37.79989206,-82.51248788
378,2019,Active,Solar,mchenry,IL,10.63878819,204.7966726,215.4354608,100,42.32449655,-88.4524372
379,2019,Active,Solar,mckean,PA,3.8045,518.5690417,522.3735417,120,41.80884514,-78.56936624
380,2019,Active,Solar,mercer,PA,13.43236386,45.79908938,59.23145324,20,41.30248872,-80.25816981
381,2019,Active,Solar,metcalfe,KY,18.54188798,198.3374084,216.8792963,35,36.99459295,-85.63123699
382,2019,Active,Solar,miami,OH,0.516453411,4.874103667,5.390557079,178,40.05436058,-84.22872805
383,2019,Active,Solar,monroe,PA,8.48443358,1.529325802,10.01375938,80,41.05790503,-75.34037377
384,2019,Active,Solar,montour,PA,9.527625865,228.8578256,238.3854514,271.6,41.02870303,-76.66086657
385,2019,Active,Solar,morrow,OH,4.383513196,132.1786317,136.5621449,64,40.5236356,-82.7892599
386,2019,Active,Solar,pasquotank,NC,0,26.56418173,26.56418173,50,36.26723798,-76.25134778
387,2019,Active,Solar,perquimans,NC,0,164.2388867,164.2388867,150,36.17847453,-76.40603143
388,2019,Active,Solar,pickaway,OH,0,446.5418566,446.5418566,100,39.64170392,-83.0243386
389,2019,Active,Solar,pittsylvania,VA,11.63561319,105.8650084,117.5006215,227,36.81980341,-79.39731264
390,2019,Active,Solar,putnam,OH,5.319394094,51.42080958,56.74020367,150,41.02094889,-84.1336111
391,2019,Active,Solar,randolph,IN,1.329848524,40.19334177,41.5231903,225,40.15734772,-85.01139319
392,2019,Active,Solar,rockingham,VA,28.76712329,113.6986301,142.4657534,73,38.50786076,-78.87099376
393,2019,Active,Solar,salem,NJ,0,327.444311,327.444311,45,39.58717304,-75.34691254
394,2019,Active,Solar,somerset,PA,3.992916423,44.68418338,48.6770998,150,39.97162671,-79.02670354
395,2019,Active,Solar,stark,OH,13.50100024,169.2102045,182.7112048,39,40.81482476,-81.36437305
396,2019,Active,Solar,sussex,VA,16.21364653,770.7712925,786.9849389,299,36.92434826,-77.25788472
397,2019,Active,Solar,union,OH,0.275141074,30.72408658,30.99922765,58,40.30016061,-83.37239023
398,2019,Active,Solar,union,PA,9.622783915,7.399277185,17.0220611,80,40.96189247,-77.05995358
399,2019,Active,Solar,van buren,MI,7.97283303,90.17937517,98.1522082,85,42.25190229,-86.01939088
400,2019,Active,Solar,van wert,OH,9.187209332,66.42521765,75.61242693,200,40.8554138,-84.591117
401,2019,Active,Solar,washington,KY,10.81610132,21.01160667,31.827708,120,37.75599352,-85.17407865
402,2019,Active,Solar,washington,NC,11.57620757,1821.766778,1833.342985,150,35.83810081,-76.57299037
403,2019,Active,Solar,white,IN,5.75558441,14.54854285,20.30412726,200,40.74911165,-86.86492015
404,2019,Active,Solar,whitley,IN,4.835812813,140.2385716,145.0743844,55,41.13748552,-85.50945143
405,2019,Active,Solar,williams,OH,5.93877551,26.45714286,32.39591837,49,41.56052014,-84.58429552
406,2019,Active,Solar,wood,OH,20.7457944,70.73501747,91.48081187,50,41.36227774,-83.62283595
407,2019,Active,Solar,wyandot,OH,9.592640683,166.4136714,176.0063121,120,40.84339621,-83.30734173
408,2019,Active,Solar Hybrid,auglaize,OH,6.554675611,15.6331082,22.18778381,180,40.55998859,-84.2242143
409,2019,Active,Solar Hybrid,blackford,IN,5.75558441,104.4729,110.2284844,200,40.47388153,-85.32499702
410,2019,Active,Solar Hybrid,bradford,PA,19.92356726,81.30742801,101.2309953,20,41.78869215,-76.51570822
411,2019,Active,Solar Hybrid,campbell,VA,28.33333333,255,283.3333333,60,37.20551978,-79.09674063
412,2019,Active,Solar Hybrid,caroline,VA,0,0,0,50,38.02991616,-77.34734766
413,2019,Active,Solar Hybrid,clark,KY,16.91239424,96.2797699,113.1921641,570,37.9696136,-84.15033765
414,2019,Active,Solar Hybrid,dekalb,IN,4.657425051,52.60289715,57.2603222,180,41.39804622,-84.99906934
415,2019,Active,Solar Hybrid,erie,PA,18.01758299,61.4328872,79.45047019,20,41.9927335,-80.03291079
416,2019,Active,Solar Hybrid,fairfield,OH,3.86865025,23.93727343,27.80592368,334,39.75105062,-82.63089791
417,2019,Active,Solar Hybrid,fleming,KY,1.167390169,14.72152219,15.88891236,225,38.367538,-83.69657052
418,2019,Active,Solar Hybrid,gloucester,VA,12.05729328,63.21925405,75.27654733,150,37.40809042,-76.53524337
419,2019,Active,Solar Hybrid,greensville,VA,10.5,603.780975,614.280975,200,36.67878837,-77.56351483
420,2019,Active,Solar Hybrid,huntington,IN,5.588910061,63.97457964,69.5634897,150,40.82907273,-85.48822092
421,2019,Active,Solar Hybrid,lorain,OH,2.022916812,6.897352458,8.920269269,150,41.29553751,-82.15083537
422,2019,Active,Solar Hybrid,madison,KY,5.343035846,67.52221714,72.86525298,240,37.71659336,-84.27220275
423,2019,Active,Solar Hybrid,mecklenburg,VA,18.23179427,679.9093917,698.141186,99.2,36.67882005,-78.36131056
424,2019,Active,Solar Hybrid,mercer,NJ,77.5,2358.7735,2436.2735,20,40.28047017,-74.70479631
425,2019,Active,Solar Hybrid,pickaway,OH,4.255515275,26.33100077,30.58651604,400,39.64170392,-83.0243386
426,2019,Active,Solar Hybrid,pittsylvania,VA,28.33333333,389.1689667,417.5023,60,36.81980341,-79.39731264
427,2019,Active,Solar Hybrid,ross,OH,5.75558441,272.7891679,278.5447523,200,39.33705391,-83.06000914
428,2019,Active,Solar Hybrid,schuylkill,PA,0,3.40441222,3.40441222,50,40.70494737,-76.21477951
429,2019,Active,Solar Hybrid,spencer,IN,2.75,15.23125,17.98125,800,38.01423964,-87.00815037
430,2019,Active,Solar Hybrid,st. joseph,IN,5.588910061,63.12347658,68.71238664,150,41.61756781,-86.29040834
431,2019,Active,Solar Hybrid,st. joseph,MI,2.794455031,7.113803035,9.908258066,300,41.91441767,-85.52797979
432,2019,Active,Solar Hybrid,surry,VA,14,212.9917733,226.9917733,150,37.11782639,-76.88446978
433,2019,Active,Solar Hybrid,sussex,VA,9.752222506,611.8646958,621.6169183,300,36.92434826,-77.25788472
434,2019,Active,Solar Hybrid,venango,PA,25.75612041,388.5091423,414.2652627,100,41.40416503,-79.75819013
435,2019,Active,Solar Hybrid,warren,NJ,4.06,170.7471429,174.8071429,70,40.85951349,-74.9955636
436,2019,Active,Solar Hybrid,warren,PA,2.77574039,100.6960496,103.47179,20,41.81368759,-79.27407714
437,2019,Active,Solar Hybrid,wells,IN,5.264317097,91.04298321,96.3073003,509,40.72934187,-85.22132966
438,2019,Active,Storage,accomack,VA,0.381941137,1.302269389,1.684210526,19,37.76707161,-75.63234615
439,2019,Active,Storage,atlantic,NJ,3.185014404,2111.043466,2114.228481,320,39.47538693,-74.65848483
440,2019,Active,Storage,cape may,NJ,5.79093528,62.89410902,68.6850443,20,39.14963789,-74.80126369
441,2019,Active,Storage,chesapeake,VA,17,81.68859,98.68859,100,36.67670048,-76.30545744
442,2019,Active,Storage,cumberland,NJ,1.93031176,1402.829981,1404.760293,177.5,39.37167069,-75.10660259
443,2019,Active,Storage,dauphin,PA,51.65663605,18.39978417,70.05642022,20,40.41397293,-76.77655524
444,2019,Active,Storage,erie,PA,1.516875,21.525,23.041875,160,41.9927335,-80.03291079
445,2019,Active,Storage,fauquier,VA,28.60004224,346.2194592,374.8195015,75,38.73564842,-77.80647472
446,2019,Active,Storage,grant,IN,6.649242618,199.4772785,206.1265211,40,40.51587228,-85.65468702
447,2019,Active,Storage,hardin,OH,0,0.967162563,0.967162563,55,40.66015414,-83.65929931
448,2019,Active,Storage,hudson,NJ,12.87293371,17.87316416,30.74609786,200,40.75436378,-74.07743191
449,2019,Active,Storage,hunterdon,NJ,16.03680693,54.67921816,70.71602509,20,40.56334733,-74.91284039
450,2019,Active,Storage,king george,VA,21.45003168,154.7498133,176.199845,100,38.26817691,-77.15851654
451,2019,Active,Storage,licking,OH,4.191682546,3.595910408,7.787592954,200,40.0889529,-82.48066359
452,2019,Active,Storage,mchenry,IL,4.076164057,0,4.076164057,52.2,42.32449655,-88.4524372
453,2019,Active,Storage,mclean,IL,21.27757638,63.83272913,85.1103055,50,40.48999192,-88.84624682
454,2019,Active,Storage,mecklenburg,VA,0,0,0,20,36.67882005,-78.36131056
455,2019,Active,Storage,mercer,NJ,10.74517607,51.45736091,62.20253698,200,40.28047017,-74.70479631
456,2019,Active,Storage,middlesex,VA,52.5,105,157.5,40,37.63191998,-76.55064617
457,2019,Active,Storage,prince george,VA,0,0,0,20,37.1854013,-77.22950752
458,2019,Active,Storage,rockingham,VA,4.285292107,14.61116437,18.89645648,200,38.50786076,-78.87099376
459,2019,Active,Storage,sullivan,IN,0,0,0,50,39.08952258,-87.41414469
460,2019,Active,Storage,sussex,NJ,9.43220952,32.1601329,41.59234242,20,41.13891592,-74.69118243
461,2019,Active,Storage,van buren,MI,16.76673018,14.42619678,31.19292697,50,42.25190229,-86.01939088
462,2019,Active,Storage,warren,NJ,28.85515433,98.3847524,127.2399067,20,40.85951349,-74.9955636
463,2019,Active,Wind Offshore,monmouth,NJ,0,5,5,1200,40.26549699,-74.22240686
464,2019,Active,Wind Offshore,virginia beach,VA,2.624671916,233.6912698,236.3159417,2400.3,36.73285734,-76.04566934
465,2019,Active,Wind Onshore,blackford,IN,5.75558441,184.2052981,189.9608825,200,40.47388153,-85.32499702
466,2019,Active,Wind Onshore,christian,IL,5.319394094,140.889472,146.2088661,200,39.54584748,-89.27777622
467,2019,Active,Wind Onshore,clearfield,PA,0,85.09378784,85.09378784,109.9,41.00110782,-78.47592663
468,2019,Active,Wind Onshore,kankakee,IL,37.76769807,219.4473478,257.2150459,200,41.13745682,-87.86198066
469,2019,Active,Wind Onshore,mclean,IL,1.418505092,81.49311752,82.91162261,150,40.48999192,-88.84624682
470,2019,Active,Wind Onshore,somerset,PA,0.73,3.02625,3.75625,80,39.97162671,-79.02670354
471,2019,Active,Wind Onshore,vermillion,IN,4.514183851,13.54138337,18.05556722,255,39.85242491,-87.46165324
472,2019,Active,Wind Onshore,white,IN,3.197546895,58.95213069,62.14967759,430,40.74911165,-86.86492015
473,2019,Complete,Natural Gas,allegheny,PA,0,0,0,14.4,40.47039917,-79.98554139
474,2019,Complete,Solar,accomack,VA,34.69387755,73.46938776,108.1632653,49,37.76707161,-75.63234615
475,2019,Complete,Solar,atlantic,NJ,403.2778946,0,403.2778946,2.4,39.47538693,-74.65848483
476,2019,Complete,Solar,beaver,PA,0,0,0,34.2,40.68266486,-80.34970598
477,2019,Complete,Solar,cambria,PA,0.217084535,9.983845745,10.20093028,100,40.4941853,-78.71788306
478,2019,Complete,Solar,carbon,PA,0,1.378184551,1.378184551,20,40.91508025,-75.70908737
479,2019,Complete,Solar,centre,PA,0.593103875,1.186153915,1.77925779,36,40.92126,-77.82249856
480,2019,Complete,Solar,champaign,OH,1.23035896,77.09708055,78.3274395,139,40.13923427,-83.76875242
481,2019,Complete,Solar,charles,MD,45.23696854,154.24031,199.4772785,40,38.51092331,-76.98580666
482,2019,Complete,Solar,chester,PA,14.17437324,48.32905016,62.5034234,29.8,39.97307948,-75.74580403
483,2019,Complete,Solar,chesterfield,VA,0,0,0,20,37.37369854,-77.58668072
484,2019,Complete,Solar,clearfield,PA,8.429106808,1.985,10.41410681,40,41.00110782,-78.47592663
485,2019,Complete,Solar,clermont,OH,4.25411,86.28301,90.53712,100,39.04847534,-84.15375786
486,2019,Complete,Solar,clinton,OH,0.408572032,30.29782668,30.70639872,300,39.41485808,-83.80852286
487,2019,Complete,Solar,columbia,PA,45.42762556,3683.042083,3728.469708,20,41.04821776,-76.40564977
488,2019,Complete,Solar,crawford,PA,10.96544117,37.38785114,48.35329231,20,41.6848279,-80.10872001
489,2019,Complete,Solar,erie,PA,0,0,0,20,41.9927335,-80.03291079
490,2019,Complete,Solar,fayette,PA,5.445669355,18.56759541,24.01326477,28,39.91812937,-79.6439364
491,2019,Complete,Solar,franklin,PA,1.18620775,2.37230783,3.55851558,20,39.92956518,-77.72157791
492,2019,Complete,Solar,frederick,MD,3.137833206,13.83731329,16.9751465,100,39.47267345,-77.39779097
493,2019,Complete,Solar,frederick,VA,4.668908188,131.3449591,136.0138673,70,39.20177863,-78.26012305
494,2019,Complete,Solar,fulton,OH,0.957400135,3.959184952,4.916585087,67,41.60213491,-84.12571393
495,2019,Complete,Solar,gloucester,NJ,10.68181818,385.2083864,395.8902045,44,39.71581067,-75.13995546
496,2019,Complete,Solar,hardin,OH,56.74020367,70.92525459,127.6654583,30,40.66015414,-83.65929931
497,2019,Complete,Solar,harford,MD,0,0,0,30,39.55010556,-76.30775789
498,2019,Complete,Solar,harrison,OH,10.05772578,85.96659939,96.02432518,100,40.29376929,-81.09064708
499,2019,Complete,Solar,henry,IN,0,2.873915767,2.873915767,152.5,39.93029017,-85.39625719
500,2019,Complete,Solar,huntingdon,PA,16.105,28.61,44.715,20,40.42191613,-77.97726673
501,2019,Complete,Solar,juniata,PA,22.23506731,12.66015794,34.89522526,20,40.53358635,-77.39975071
502,2019,Complete,Solar,mercer,PA,1.873302767,30.69805962,32.57136239,50,41.30248872,-80.25816981
503,2019,Complete,Solar,northampton,PA,6.383272913,8.777000255,15.16027317,20,40.74935147,-75.31163812
504,2019,Complete,Solar,northumberland,PA,26.27780682,12.66015794,38.93796477,20,40.84760963,-76.70862527
505,2019,Complete,Solar,pickaway,OH,0,70.75,70.75,100,39.64170392,-83.0243386
506,2019,Complete,Solar,potter,PA,7.519639034,25.63901811,33.15865714,35,41.74469661,-77.89567714
507,2019,Complete,Solar,snyder,PA,54.68337129,9.362133604,64.04550489,40,40.77114873,-77.06884739
508,2019,Complete,Solar,somerset,PA,3.52245195,12.0101788,15.53263075,15,39.97162671,-79.02670354
509,2019,Complete,Solar,suffolk,VA,0,0,0,15,36.70155393,-76.63603554
510,2019,Complete,Solar,talbot,MD,13.52272727,121.25,134.7727273,44,38.76618159,-76.10882561
511,2019,Complete,Solar,union,OH,1.228172441,125.4028754,126.6310478,49.9,40.30016061,-83.37239023
512,2019,Complete,Solar,westmoreland,PA,6.005330103,2.773170489,8.778500591,33.8,40.31243409,-79.46987424
513,2019,Complete,Solar,york,PA,4.054396464,114.7120456,118.7664421,75,39.92283716,-76.73159403
514,2019,Complete,Solar Hybrid,barren,KY,11.09090909,136.9090909,148,55,36.96469836,-85.93338945
515,2019,Complete,Solar Hybrid,crawford,PA,5.295458739,76.41894766,81.7144064,17.9,41.6848279,-80.10872001
516,2019,Complete,Solar Hybrid,green,KY,10.16666667,118.1666667,128.3333333,60,37.26484328,-85.5540745
517,2019,Complete,Solar Hybrid,russell,KY,7.092525459,57.09482994,64.1873554,60,36.99308373,-85.06070117
518,2019,Withdrawn,Hybrid,hudson,NJ,46.35760937,607.2732592,653.6308685,131.5,40.75436378,-74.07743191
519,2019,Withdrawn,Solar,adams,PA,6.308195287,21.64094982,27.94914511,97,39.87204983,-77.21604164
520,2019,Withdrawn,Solar,beaver,PA,0,0,0,20,40.68266486,-80.34970598
521,2019,Withdrawn,Solar,bergen,NJ,0,0,0,3.7,40.92395612,-74.07196985
522,2019,Withdrawn,Solar,berks,PA,16.02039762,188.4286642,204.4490618,141.2,40.41551389,-75.92318433
523,2019,Withdrawn,Solar,bertie,NC,31.24679048,577.2788595,608.52565,71.5,36.0688473,-76.96545943
524,2019,Withdrawn,Solar,burlington,NJ,0,0,0,2,39.87681868,-74.66931433
525,2019,Withdrawn,Solar,butler,PA,18.63964157,92.24176439,110.8814059,112,40.91172172,-79.91351117
526,2019,Withdrawn,Solar,caroline,VA,0,221.5412832,221.5412832,93.5,38.02991616,-77.34734766
527,2019,Withdrawn,Solar,centre,PA,6.322318724,3078.710395,3085.032713,80,40.92126,-77.82249856
528,2019,Withdrawn,Solar,champaign,OH,0.610011328,16.25208401,16.86209534,150.7,40.13923427,-83.76875242
529,2019,Withdrawn,Solar,clermont,OH,7.54309587,152.9911113,160.5342071,60,39.04847534,-84.15375786
530,2019,Withdrawn,Solar,crawford,PA,11.7097401,358.9572899,370.6670299,20,41.6848279,-80.10872001
531,2019,Withdrawn,Solar,cumberland,NJ,8.522721528,362.4718586,370.9945801,113,39.37167069,-75.10660259
532,2019,Withdrawn,Solar,cumberland,PA,12.91016947,371.0596544,383.9698239,20,40.16284441,-77.26417094
533,2019,Withdrawn,Solar,delaware,IN,20.95841273,236.7130372,257.6714499,40,40.22787247,-85.39732772
534,2019,Withdrawn,Solar,dorchester,MD,0,114.4830878,114.4830878,56,38.45413522,-76.02752426
535,2019,Withdrawn,Solar,essex,NJ,0,0,0,1,40.78645921,-74.24609663
536,2019,Withdrawn,Solar,franklin,PA,101.1498617,344.8813331,446.0311948,4,39.92956518,-77.72157791
537,2019,Withdrawn,Solar,gloucester,NJ,4.610141548,712.5668476,717.1769891,60,39.71581067,-75.13995546
538,2019,Withdrawn,Solar,greene,PA,5.498722153,86.39985559,91.89857774,52.8,39.85707472,-80.22369451
539,2019,Withdrawn,Solar,hanover,VA,0,386.5508243,386.5508243,27,37.75956699,-77.49076272
540,2019,Withdrawn,Solar,hertford,NC,0,0,0,10,36.3607755,-76.98104134
541,2019,Withdrawn,Solar,howard,MD,0,0,0,4,39.25303282,-76.93122568
542,2019,Withdrawn,Solar,indiana,PA,34.50072801,179.9331349,214.4338629,66.5,40.6525369,-79.08979203
543,2019,Withdrawn,Solar,lackawanna,PA,45.64771028,17.08852524,62.73623551,20,41.43547951,-75.60418146
544,2019,Withdrawn,Solar,madison,KY,11.13132468,119.4893525,130.6206772,54,37.71659336,-84.27220275
545,2019,Withdrawn,Solar,mercer,PA,7.122734612,42.21200664,49.33474125,158.2,41.30248872,-80.25816981
546,2019,Withdrawn,Solar,middlesex,VA,0,0,0,15,37.63191998,-76.55064617
547,2019,Withdrawn,Solar,monmouth,NJ,22.1220147,100.4792249,122.6012396,14.2,40.26549699,-74.22240686
548,2019,Withdrawn,Solar,passaic,NJ,0,0,0,2.6,41.03202146,-74.29661141
549,2019,Withdrawn,Solar,perquimans,NC,0,0,0,5,36.17847453,-76.40603143
550,2019,Withdrawn,Solar,perry,PA,4.303389822,352.1984483,356.5018381,60,40.40222298,-77.25944941
551,2019,Withdrawn,Solar,randolph,IN,1.847011838,236.1515456,237.9985574,144,40.15734772,-85.01139319
552,2019,Withdrawn,Solar,somerset,PA,31.48947154,274.0554613,305.5449329,85,39.97162671,-79.02670354
553,2019,Withdrawn,Solar,suffolk,VA,0,0,0,20,36.70155393,-76.63603554
554,2019,Withdrawn,Solar,surry,VA,18.61787933,78.2153069,96.8331862,80,37.11782639,-76.88446978
555,2019,Withdrawn,Solar,sussex,DE,69.45503202,236.8144023,306.2694344,25,38.66143781,-75.39031349
556,2019,Withdrawn,Solar,sussex,VA,14.08722298,839.2877432,853.3749661,390,36.92434826,-77.25788472
557,2019,Withdrawn,Solar,tyrrell,NC,3.692802512,418.455964,422.1487665,1210,35.87147226,-76.17055253
558,2019,Withdrawn,Solar,warren,NJ,4.637181801,23.7338066,28.3709884,80,40.85951349,-74.9955636
559,2019,Withdrawn,Solar,wythe,VA,8.434557232,78.72253416,87.15709139,94.6,36.91582035,-81.07834059
560,2019,Withdrawn,Solar Hybrid,boyle,KY,14.18505092,135.9991757,150.1842266,30,37.62680591,-84.86337504
561,2019,Withdrawn,Solar Hybrid,hunterdon,NJ,14.97941377,131.7028784,146.6822921,20,40.56334733,-74.91284039
562,2019,Withdrawn,Solar Hybrid,mercer,PA,74.10453072,450.6932122,524.7977429,35,41.30248872,-80.25816981
563,2019,Withdrawn,Solar Hybrid,somerset,PA,13.89860621,235.2330286,249.1316348,160,39.97162671,-79.02670354
564,2019,Withdrawn,Storage,accomack,VA,0,5047.041116,5047.041116,5,37.76707161,-75.63234615
565,2019,Withdrawn,Storage,burlington,NJ,1.759585381,154.1353143,155.8948997,250,39.87681868,-74.66931433
566,2019,Withdrawn,Storage,cambria,PA,0,0,0,20,40.4941853,-78.71788306
567,2019,Withdrawn,Storage,culpeper,VA,0,157.0688613,157.0688613,40,38.48401706,-77.95862398
568,2019,Withdrawn,Storage,morris,NJ,14.38173553,71.40306974,85.78480527,20,40.86247792,-74.54435366
569,2019,Withdrawn,Storage,somerset,MD,0,68.6009373,68.6009373,13.5,38.1163542,-75.75118623
570,2019,Withdrawn,Storage,sussex,NJ,3.448160508,123.3687599,126.8169204,107,41.13891592,-74.69118243
571,2019,Withdrawn,Storage,warren,NJ,28.69197095,87.01562852,115.7075995,40,40.85951349,-74.9955636
572,2019,Withdrawn,Wind Offshore,atlantic,NJ,0,912.1086967,912.1086967,300,39.47538693,-74.65848483
573,2019,Withdrawn,Wind Offshore,sussex,DE,0.604166667,31.05398333,31.65815,120,38.66143781,-75.39031349
574,2019,Withdrawn,Wind Onshore,ocean,NJ,0.65335458,898.6989193,899.352274,1200,39.8895449,-74.28089251
575,2019,Withdrawn,Wind Onshore,schuylkill,PA,0,340.3214809,340.3214809,174.8,40.70494737,-76.21477951
576,2020,Active,Solar,adams,IN,5.962125208,20.26214633,26.22427154,135,40.7457653,-84.93671406
577,2020,Active,Solar,adams,PA,1.158187056,3.948963344,5.1071504,6,39.87204983,-77.21604164
578,2020,Active,Solar,allegheny,PA,15.05078301,51.31726355,66.36804656,215,40.47039917,-79.98554139
579,2020,Active,Solar,allen,IN,9.04987051,69.40140727,78.45127777,300,41.09194313,-85.06800636
580,2020,Active,Solar,amherst,VA,15.85259484,278.6052686,294.4578635,50,37.60316808,-79.14556139
581,2020,Active,Solar,anne arundel,MD,0,0,0,20,39.00668786,-76.60327934
582,2020,Active,Solar,augusta,VA,10.72501584,62.08171844,72.80673428,200,38.16228791,-79.1256185
583,2020,Active,Solar,barren,KY,31.44929457,114.3732892,145.8225838,38,36.96469836,-85.93338945
584,2020,Active,Solar,bedford,PA,9.45821234,930.2292173,939.6874297,224,40.00586266,-78.49123865
585,2020,Active,Solar,berks,PA,29.72610106,101.3543389,131.08044,50,40.41551389,-75.92318433
586,2020,Active,Solar,blackford,IN,5.365912687,31.43280833,36.79872102,150,40.47388153,-85.32499702
587,2020,Active,Solar,blair,PA,10.62302817,36.22035718,46.84338535,40,40.48217287,-78.35076068
588,2020,Active,Solar,boone,WV,3.522798854,41.28847368,44.81127253,225,38.01974191,-81.69888019
589,2020,Active,Solar,bradford,PA,8.524256733,97.38312968,105.9073864,20,41.78869215,-76.51570822
590,2020,Active,Solar,buchanan,VA,8.348488521,91.24775381,99.59624233,75,37.26818323,-82.03749726
591,2020,Active,Solar,burlington,NJ,14.17852594,48.34320926,62.5217352,10,39.87681868,-74.66931433
592,2020,Active,Solar,butler,PA,35.57740839,121.3050007,156.8824091,70,40.91172172,-79.91351117
593,2020,Active,Solar,cambria,PA,18.75272781,63.93944254,82.69217034,20,40.4941853,-78.71788306
594,2020,Active,Solar,carbon,PA,15.20848103,80.16823364,95.37671467,60,40.91508025,-75.70908737
595,2020,Active,Solar,cass,MI,4.246666667,48.03333333,52.28,150,41.91522292,-85.99405727
596,2020,Active,Solar,centre,PA,3.83921355,138.7034476,142.5426612,59.9,40.92126,-77.82249856
597,2020,Active,Solar,charlotte,VA,10.39779123,528.922808,539.3205992,167,37.01909701,-78.66314092
598,2020,Active,Solar,chesterfield,VA,0,0,0,25,37.37369854,-77.58668072
599,2020,Active,Solar,clarion,PA,3.708978228,111.3212769,115.0302551,35,41.19309854,-79.42292562
600,2020,Active,Solar,clarke,VA,30.95347467,147.5544755,178.5079502,150,39.11294697,-77.99252665
601,2020,Active,Solar,clearfield,PA,22.8243101,193.2120752,216.0363853,59.9,41.00110782,-78.47592663
602,2020,Active,Solar,columbia,PA,45.64771028,33.78890705,79.43661732,60,41.04821776,-76.40564977
603,2020,Active,Solar,crawford,PA,22.14856389,748.411452,770.560016,94,41.6848279,-80.10872001
604,2020,Active,Solar,cumberland,NJ,47.82191715,163.0539703,210.8758875,31,39.37167069,-75.10660259
605,2020,Active,Solar,cumberland,PA,23.2105653,51.75443528,74.96500059,26,40.16284441,-77.26417094
606,2020,Active,Solar,currituck,NC,7.6607256,481.053234,488.7139596,80,36.36756795,-75.964598
607,2020,Active,Solar,darke,OH,0.09285728,245.5270293,245.6198866,165,40.13412966,-84.6194517
608,2020,Active,Solar,dauphin,PA,16.59916737,12.28687529,28.88604266,55,40.41397293,-76.77655524
609,2020,Active,Solar,dekalb,IL,12.54828108,364.4205411,376.9688222,81.4,41.89372684,-88.76958542
610,2020,Active,Solar,delaware,IN,4.024434515,77.44738224,81.47181674,300,40.22787247,-85.39732772
611,2020,Active,Solar,delaware,PA,39.00194911,132.9813406,171.9832897,16,39.91569836,-75.39991691
612,2020,Active,Solar,dinwiddie,VA,0,1588.368564,1588.368564,20,37.07544384,-77.6345015
613,2020,Active,Solar,dorchester,MD,8.217337165,1187.796946,1196.014283,110,38.45413522,-76.02752426
614,2020,Active,Solar,edgecombe,NC,21.06797337,1315.362885,1336.430858,9.4,35.91230639,-77.59436892
615,2020,Active,Solar,elk,PA,8.016299054,27.33243387,35.34873292,20,41.42822061,-78.64524744
616,2020,Active,Solar,essex,VA,0,0,0,20,37.93378669,-76.94238023
617,2020,Active,Solar,fairfield,OH,4.718034179,209.7579629,214.475997,84,39.75105062,-82.63089791
618,2020,Active,Solar,fauquier,VA,21.7053892,93.2054948,114.910884,80,38.73564842,-77.80647472
619,2020,Active,Solar,franklin,PA,45.05684096,153.6261456,198.6829866,5,39.92956518,-77.72157791
620,2020,Active,Solar,fulton,PA,25.28156888,120.9509578,146.2325267,70,39.92913544,-78.11163677
621,2020,Active,Solar,garrett,MD,29.96421842,102.1662257,132.1304441,185,39.52786077,-79.27355126
622,2020,Active,Solar,gloucester,VA,0,0,0,39.9,37.40809042,-76.53524337
623,2020,Active,Solar,greene,OH,0,147.5966466,147.5966466,20,39.69116283,-83.89032084
624,2020,Active,Solar,greensville,VA,0,70.0112691,70.0112691,38.5,36.67878837,-77.56351483
625,2020,Active,Solar,halifax,VA,21.7053892,587.3118646,609.0172538,80,36.76654925,-78.93512622
626,2020,Active,Solar,hancock,OH,6.210547091,70.14450395,76.35505104,129.6,41.00250487,-83.66838948
627,2020,Active,Solar,hardin,KY,6.915136263,53.87376473,60.78890099,265,37.6976111,-85.96319251
628,2020,Active,Solar,hardin,OH,4.420749386,76.5663988,80.98714818,250,40.66015414,-83.65929931
629,2020,Active,Solar,hart,KY,23.90146387,104.9036271,128.8050909,50,37.29943898,-85.88461055
630,2020,Active,Solar,highland,OH,9.618466588,170.2255788,179.8440454,170,39.1839264,-83.60331456
631,2020,Active,Solar,hunterdon,NJ,40.48562101,138.0400795,178.5257005,26.8,40.56334733,-74.91284039
632,2020,Active,Solar,jay,IN,0,18.22231263,18.22231263,100,40.43781032,-85.00576229
633,2020,Active,Solar,jefferson,PA,16.67564672,56.85741116,73.53305789,10,41.12913472,-78.99852964
634,2020,Active,Solar,juniata,PA,10.74063771,10.35369596,21.09433368,85,40.53358635,-77.39975071
635,2020,Active,Solar,kankakee,IL,10.2143008,273.4266181,283.6409189,100,41.13745682,-87.86198066
636,2020,Active,Solar,king william,VA,0,138.5168277,138.5168277,100,37.70976727,-77.09053578
637,2020,Active,Solar,knox,OH,3.613308908,6.077508976,9.690817884,80,40.39589369,-82.42289641
638,2020,Active,Solar,lancaster,VA,28.94051894,992.7238722,1021.664391,100,37.71889653,-76.46400482
639,2020,Active,Solar,laporte,IN,8.841498773,516.7537346,525.5952334,125,41.54366008,-86.74072188
640,2020,Active,Solar,lasalle,IL,0.835378328,131.4187075,132.2540859,300,41.34425771,-88.88634234
641,2020,Active,Solar,lawrence,PA,17.26788836,203.5460154,220.8139038,40,40.99205521,-80.33391573
642,2020,Active,Solar,lee,IL,0.434320146,227.597647,228.0319671,300,41.74583951,-89.29977132
643,2020,Active,Solar,licking,OH,1.837850465,2.004089892,3.841940358,235.2,40.0889529,-82.48066359
644,2020,Active,Solar,logan,OH,1.342159125,84.3088388,85.65099793,500,40.38996525,-83.76784341
645,2020,Active,Solar,louisa,VA,15.26951408,97.8393312,113.1088453,358.6,37.97849713,-77.9627492
646,2020,Active,Solar,luzerne,PA,15.21590343,3.993791613,19.20969504,60,41.17821699,-75.9850149
647,2020,Active,Solar,madison,OH,15.07728712,80.74984346,95.82713059,849,39.89381073,-83.40178317
648,2020,Active,Solar,martin,NC,0,50.81088612,50.81088612,20,35.84326734,-77.10860251
649,2020,Active,Solar,mason,WV,18.48848091,58.83921881,77.3276997,127.4,38.77071799,-82.02524219
650,2020,Active,Solar,mchenry,IL,3.404766933,158.4204006,161.8251676,300,42.32449655,-88.4524372
651,2020,Active,Solar,mclean,IL,0.308849882,494.9941721,495.303022,150,40.48999192,-88.84624682
652,2020,Active,Solar,mclean,KY,20.96619638,109.5797358,130.5459322,57,37.5301951,-87.26803443
653,2020,Active,Solar,mercer,PA,31.19142093,230.301455,261.492876,100,41.30248872,-80.25816981
654,2020,Active,Solar,monmouth,NJ,40.21794023,137.1273931,177.3453334,15.4,40.26549699,-74.22240686
655,2020,Active,Solar,monroe,PA,30.41696207,22.52430374,52.94126581,30,41.05790503,-75.34037377
656,2020,Active,Solar,montgomery,OH,0.30704311,90.68006522,90.98710833,49.9,39.7539698,-84.29048272
657,2020,Active,Solar,montour,PA,6.63929552,30.15261596,36.79191148,50,41.02870303,-76.66086657
658,2020,Active,Solar,morris,NJ,31.7022598,108.0922647,139.7945245,15.4,40.86247792,-74.54435366
659,2020,Active,Solar,morrow,OH,4.239754298,14.45589831,18.69565261,88,40.5236356,-82.7892599
660,2020,Active,Solar,nicholas,WV,12.94219987,44.12782252,57.07002237,250,38.29617706,-80.79759588
661,2020,Active,Solar,noble,IN,5.749192165,18.38574144,24.1349336,140,41.39672484,-85.41966713
662,2020,Active,Solar,northumberland,PA,45.87354675,64.89987349,110.7734202,99.5,40.84760963,-76.70862527
663,2020,Active,Solar,nottoway,VA,17.36431136,1416.251242,1433.615554,100,37.14359374,-78.05064246
664,2020,Active,Solar,orange,VA,0,0,0,29.6,38.24807863,-78.01156566
665,2020,Active,Solar,paulding,OH,3.144444445,13.99859341,17.14303785,94.9,41.11676341,-84.5801017
666,2020,Active,Solar,perry,KY,7.826707988,6.103044728,13.92975272,80,37.25023553,-83.22922731
667,2020,Active,Solar,pike,KY,10.56839656,9.369918601,19.93831516,75,37.47088263,-82.39487445
668,2020,Active,Solar,preble,OH,0.28727721,79.27574209,79.5630193,120,39.7420247,-84.64787018
669,2020,Active,Solar,prince edward,VA,11.57620757,367.1515101,378.7277177,150,37.22553089,-78.43593963
670,2020,Active,Solar,pulaski,IN,4.286143235,97.39748967,101.6836329,1060,41.04166107,-86.69890683
671,2020,Active,Solar,pulaski,VA,8.741171641,254.8904427,263.6316144,300,37.06474963,-80.71229738
672,2020,Active,Solar,queen anne's,MD,34.3382092,117.0798177,151.4180269,19.9,39.06198912,-76.03530977
673,2020,Active,Solar,richmond,VA,14.47025947,369.5785521,384.0488116,244,37.83669198,-76.91613404
674,2020,Active,Solar,schuylkill,PA,21.2948424,526.1649803,547.4598227,90,40.70494737,-76.21477951
675,2020,Active,Solar,shelby,OH,0.156341339,224.7250404,224.8813817,98,40.33163494,-84.20258189
676,2020,Active,Solar,shenandoah,VA,77.32544903,45.48555825,122.8110073,45.6,38.85901952,-78.56817553
677,2020,Active,Solar,somerset,PA,9.933515581,33.86938983,43.80290541,20,39.97162671,-79.02670354
678,2020,Active,Solar,southampton,VA,0,90.33537842,90.33537842,20,36.72231125,-77.10642712
679,2020,Active,Solar,spotsylvania,VA,21.94478688,214.9999717,236.9447585,128,38.18574362,-77.6554001
680,2020,Active,Solar,st. joseph,IN,13.19501949,0.41785776,13.61287725,110,41.61756781,-86.29040834
681,2020,Active,Solar,stark,OH,17.03648239,58.08771917,75.12420156,150,40.81482476,-81.36437305
682,2020,Active,Solar,sussex,DE,14.27171115,1893.340606,1907.612317,184.3,38.66143781,-75.39031349
683,2020,Active,Solar,union,OH,4.420749386,76.38254138,80.80329077,250,40.30016061,-83.37239023
684,2020,Active,Solar,van wert,OH,3.683957822,71.97677297,75.66073079,300,40.8554138,-84.591117
685,2020,Active,Solar,venango,PA,10.98489848,122.1986257,133.1835242,155,41.40416503,-79.75819013
686,2020,Active,Solar,warren,NJ,22.73292373,136.3779951,159.1109188,19.8,40.85951349,-74.9955636
687,2020,Active,Solar,wayne,KY,19.91788656,220.8600129,240.7778994,60,36.80310688,-84.8251971
688,2020,Active,Solar,wayne,OH,15.99723598,54.54429677,70.54153276,130,40.82925852,-81.88844833
689,2020,Active,Solar,wayne,PA,45.64771028,33.78890705,79.43661732,20,41.64938475,-75.29956506
690,2020,Active,Solar,westmoreland,PA,26.78350536,151.4790462,178.2625516,105,40.31243409,-79.46987424
691,2020,Active,Solar,white,IN,9.867744166,170.4967442,180.3644883,112,40.74911165,-86.86492015
692,2020,Active,Solar,whitley,IN,6.26136639,5.342079319,11.60344571,100,41.13748552,-85.50945143
693,2020,Active,Solar,york,PA,19.70281884,67.4083066,87.11112542,70,39.92283716,-76.73159403
694,2020,Active,Solar Hybrid,adams,PA,39.07267763,133.2224971,172.2951747,2,39.87204983,-77.21604164
695,2020,Active,Solar Hybrid,allegheny,PA,0,0,0,20,40.47039917,-79.98554139
696,2020,Active,Solar Hybrid,atlantic,NJ,39.01261663,174.3322477,213.3448643,38,39.47538693,-74.65848483
697,2020,Active,Solar Hybrid,augusta,VA,12.93811434,221.1331024,234.0712168,300,38.16228791,-79.1256185
698,2020,Active,Solar Hybrid,barren,KY,13.27859104,45.93340118,59.21199222,100,36.96469836,-85.93338945
699,2020,Active,Solar Hybrid,berks,PA,32.91642884,112.2321047,145.1485336,6,40.41551389,-75.92318433
700,2020,Active,Solar Hybrid,blair,PA,24.47219472,83.44058014,107.9127749,6,40.48217287,-78.35076068
701,2020,Active,Solar Hybrid,chesapeake,VA,0,0,0,20,36.67670048,-76.30545744
702,2020,Active,Solar Hybrid,defiance,OH,2.830820507,59.31590393,62.14672444,140,41.32398837,-84.49076944
703,2020,Active,Solar Hybrid,edgecombe,NC,7.64403457,26.06315807,33.70719264,100,35.91230639,-77.59436892
704,2020,Active,Solar Hybrid,fayette,PA,29.11250242,99.26220838,128.3747108,3,39.91812937,-79.6439364
705,2020,Active,Solar Hybrid,fayette,WV,6.155818616,119.3525812,125.5083998,275,38.02974928,-81.08286634
706,2020,Active,Solar Hybrid,fluvanna,VA,16.50002437,101.8915633,118.3915877,130,37.84155892,-78.27714329
707,2020,Active,Solar Hybrid,franklin,PA,7.398757521,25.22685959,32.62561711,6,39.92956518,-77.72157791
708,2020,Active,Solar Hybrid,garrett,MD,5.954230196,79.92508112,85.87931132,300,39.52786077,-79.27355126
709,2020,Active,Solar Hybrid,grant,IN,7.317153664,92.95013728,100.2672909,110,40.51587228,-85.65468702
710,2020,Active,Solar Hybrid,hertford,NC,0,0,0,5,36.3607755,-76.98104134
711,2020,Active,Solar Hybrid,hunterdon,NJ,27.02446502,92.14282027,119.1672853,20,40.56334733,-74.91284039
712,2020,Active,Solar Hybrid,jay,IN,17.88637562,212.4120597,230.2984354,45,40.43781032,-85.00576229
713,2020,Active,Solar Hybrid,jefferson,WV,8.742553759,97.50401248,106.2465662,205,39.30699345,-77.86028517
714,2020,Active,Solar Hybrid,kankakee,IL,0,442.2792246,442.2792246,200,41.13745682,-87.86198066
715,2020,Active,Solar Hybrid,kent,DE,8.046216955,1907.374513,1915.42073,120,39.08646624,-75.56884914
716,2020,Active,Solar Hybrid,lawrence,PA,24.85570958,194.3521402,219.2078498,175,40.99205521,-80.33391573
717,2020,Active,Solar Hybrid,lehigh,PA,33.14965055,113.0272992,146.1769497,3,40.61291069,-75.5949744
718,2020,Active,Solar Hybrid,logan,OH,0,152.9591545,152.9591545,40,40.38996525,-83.76784341
719,2020,Active,Solar Hybrid,louisa,VA,0,0,0,20,37.97849713,-77.9627492
720,2020,Active,Solar Hybrid,luzerne,PA,64.25517013,735.7237612,799.9789314,80,41.17821699,-75.9850149
721,2020,Active,Solar Hybrid,mason,WV,7.838383838,6.949494949,14.78787879,99,38.77071799,-82.02524219
722,2020,Active,Solar Hybrid,montgomery,MD,0.256188842,10.28760553,10.54379437,542.5,39.13676329,-77.20358245
723,2020,Active,Solar Hybrid,northampton,VA,25.73749013,2046.915039,2072.652529,45,37.34062933,-75.87751591
724,2020,Active,Solar Hybrid,salem,NJ,26.95417149,5840.662233,5867.616405,55,39.58717304,-75.34691254
725,2020,Active,Solar Hybrid,snyder,PA,34.23578271,25.34168029,59.57746299,60,40.77114873,-77.06884739
726,2020,Active,Solar Hybrid,somerset,PA,27.3046073,93.09799552,120.4026028,4,39.97162671,-79.02670354
727,2020,Active,Solar Hybrid,suffolk,VA,12.25716096,129.4065498,141.6637108,50,36.70155393,-76.63603554
728,2020,Active,Solar Hybrid,surry,VA,24.10115919,95.25696252,119.3581217,89,37.11782639,-76.88446978
729,2020,Active,Solar Hybrid,tippecanoe,IN,9.439716323,41.07000113,50.50971746,120,40.38872739,-86.89413959
730,2020,Active,Solar Hybrid,union,OH,2.339074883,19.07520674,21.41428163,200,40.30016061,-83.37239023
731,2020,Active,Solar Hybrid,warren,NJ,27.44887224,93.58988232,121.0387546,70,40.85951349,-74.9955636
732,2020,Active,Solar Hybrid,washington,PA,7.95361797,27.11871597,35.07233394,20,40.19184046,-80.24577048
733,2020,Active,Solar Hybrid,white,IN,5.525936733,12.43591122,17.96184796,200,40.74911165,-86.86492015
734,2020,Active,Solar Hybrid,will,IL,0,0,0,19.9,41.44619431,-87.97863458
735,2020,Active,Solar Hybrid,york,PA,14.88733642,50.75997482,65.64731124,20,39.92283716,-76.73159403
736,2020,Active,Storage,accomack,VA,7.38344248,292.3277508,299.7111933,49,37.76707161,-75.63234615
737,2020,Active,Storage,adams,PA,0,0,0,15,39.87204983,-77.21604164
738,2020,Active,Storage,allegheny,PA,0,0,0,55,40.47039917,-79.98554139
739,2020,Active,Storage,anne arundel,MD,7.798459511,26.58968652,34.38814603,300,39.00668786,-76.60327934
740,2020,Active,Storage,augusta,VA,11.57620758,36.52624773,48.10245531,125,38.16228791,-79.1256185
741,2020,Active,Storage,baltimore,MD,0,372.8219792,372.8219792,40,39.43869273,-76.62695327
742,2020,Active,Storage,barren,KY,45.9643536,186.8038473,232.7682009,26,36.96469836,-85.93338945
743,2020,Active,Storage,botetourt,VA,7.926297421,92.23513622,100.1614336,100,37.55537192,-79.80992902
744,2020,Active,Storage,bradford,PA,20.98866583,71.56311372,92.55177955,10,41.78869215,-76.51570822
745,2020,Active,Storage,brunswick,VA,37.45243627,170.3854735,207.8379097,75,36.76366949,-77.8593436
746,2020,Active,Storage,burlington,NJ,69.86581747,0,69.86581747,5,39.87681868,-74.66931433
747,2020,Active,Storage,camden,NJ,19.40717152,0,19.40717152,20,39.80338264,-74.96387341
748,2020,Active,Storage,caroline,VA,26.8125396,175.1659075,201.9784471,250,38.02991616,-77.34734766
749,2020,Active,Storage,cecil,MD,6.836520817,34.01088354,40.84740436,100.8,39.56654283,-75.94628056
750,2020,Active,Storage,christian,IL,8.511917333,0,8.511917333,30,39.54584748,-89.27777622
751,2020,Active,Storage,cook,IL,12.01682447,298.1374151,310.1542396,85,41.84146734,-87.81657741
752,2020,Active,Storage,culpeper,VA,28.60004224,781.8871032,810.4871454,75,38.48401706,-77.95862398
753,2020,Active,Storage,essex,NJ,4.85179288,0,4.85179288,80,40.78645921,-74.24609663
754,2020,Active,Storage,fauquier,VA,21.45003168,148.6379026,170.0879343,100,38.73564842,-77.80647472
755,2020,Active,Storage,gloucester,VA,0,0,0,19,37.40809042,-76.53524337
756,2020,Active,Storage,greensville,VA,37.45243627,427.3840639,464.8365001,75,36.67878837,-77.56351483
757,2020,Active,Storage,hanover,VA,0,1429.902952,1429.902952,75,37.75956699,-77.49076272
758,2020,Active,Storage,hardin,KY,42.68118549,174.6388255,217.320011,28,37.6976111,-85.96319251
759,2020,Active,Storage,hudson,NJ,22.51685865,516.8231792,539.3400382,460,40.75436378,-74.07743191
760,2020,Active,Storage,kankakee,IL,10.2143008,0,10.2143008,20,41.13745682,-87.86198066
761,2020,Active,Storage,kent,DE,35.98255546,2560.34742,2596.329975,50,39.08646624,-75.56884914
762,2020,Active,Storage,lasalle,IL,4.08572032,16.96595363,21.05167395,100,41.34425771,-88.88634234
763,2020,Active,Storage,lee,IL,1.714015839,28.60517267,30.31918851,180,41.74583951,-89.29977132
764,2020,Active,Storage,licking,OH,12.90467467,21.7053892,34.61006387,22.4,40.0889529,-82.48066359
765,2020,Active,Storage,loudoun,VA,26.8125396,47.39519584,74.20773544,250,39.08990083,-77.63481877
766,2020,Active,Storage,madison,IN,6.872522056,21.6418903,28.51441235,380,40.16143691,-85.71964711
767,2020,Active,Storage,mclean,IL,4.08572032,0,4.08572032,100,40.48999192,-88.84624682
768,2020,Active,Storage,montgomery,OH,0,10.43661205,10.43661205,85,39.7539698,-84.29048272
769,2020,Active,Storage,noble,IN,0,5.005007392,5.005007392,50,41.39672484,-85.41966713
770,2020,Active,Storage,northampton,PA,1.246144698,0,1.246144698,20,40.74935147,-75.31163812
771,2020,Active,Storage,nottoway,VA,0,1900.495351,1900.495351,14,37.14359374,-78.05064246
772,2020,Active,Storage,paulding,OH,0,1.940717152,1.940717152,100,41.11676341,-84.5801017
773,2020,Active,Storage,pittsylvania,VA,0,0,0,7,36.81980341,-79.39731264
774,2020,Active,Storage,prince william,VA,10.72501584,42.38934832,53.11436416,200,38.70915944,-77.48713401
775,2020,Active,Storage,richmond,VA,0,60.43086782,60.43086782,20,37.83669198,-76.91613404
776,2020,Active,Storage,rockingham,VA,0,356.1979896,356.1979896,19,38.50786076,-78.87099376
777,2020,Active,Storage,sussex,DE,11.71974997,317.3863594,329.1061094,50.4,38.66143781,-75.39031349
778,2020,Active,Storage,york,PA,7.722667925,482.5923731,490.3150411,181.2,39.92283716,-76.73159403
779,2020,Active,Wind Offshore,sussex,DE,3.711193524,1085.619392,1089.330586,880,38.66143781,-75.39031349
780,2020,Active,Wind Onshore,benton,IN,5.525936733,113.8894539,119.4153907,200,40.60626947,-87.31093999
781,2020,Active,Wind Onshore,blackford,IN,5.525936733,112.7658809,118.2918175,400,40.47388153,-85.32499702
782,2020,Active,Wind Onshore,grayson,VA,9.891574076,7.713168693,17.60474277,63.3,36.65677268,-81.23216244
783,2020,Active,Wind Onshore,lasalle,IL,12.84817711,646.3917903,659.2399674,79.5,41.34425771,-88.88634234
784,2020,Active,Wind Onshore,schuylkill,PA,5.220302414,760.1723989,765.3927013,174.8,40.70494737,-76.21477951
785,2020,Complete,Hybrid,mercer,NJ,25.74003802,0,25.74003802,5,40.28047017,-74.70479631
786,2020,Complete,Hydro,allegheny,PA,0,0,0,38.3,40.47039917,-79.98554139
787,2020,Complete,Natural Gas,cook,IL,0,0,0,296,41.84146734,-87.81657741
788,2020,Complete,Natural Gas,essex,NJ,78.85440218,0,78.85440218,5,40.78645921,-74.24609663
789,2020,Complete,Solar,armstrong,PA,8.740119636,29.800378,38.54049764,10,40.8178373,-79.46378371
790,2020,Complete,Solar,berks,PA,21.85860371,35.54576678,57.4043705,5,40.41551389,-75.92318433
791,2020,Complete,Solar,bradford,PA,0.204286016,7.517725389,7.722011405,15,41.78869215,-76.51570822
792,2020,Complete,Solar,burlington,NJ,37.79291296,0,37.79291296,5,39.87681868,-74.66931433
793,2020,Complete,Solar,camden,NJ,7.537688442,100,107.5376884,19.9,39.80338264,-74.96387341
794,2020,Complete,Solar,crawford,PA,3.724760457,12.69997142,16.42473188,15,41.6848279,-80.10872001
795,2020,Complete,Solar,erie,PA,9.676865185,32.99431272,42.6711779,16,41.9927335,-80.03291079
796,2020,Complete,Solar,essex,VA,0,0,0,20,37.93378669,-76.94238023
797,2020,Complete,Solar,fayette,PA,41.68346872,142.1242701,183.8077389,15,39.91812937,-79.6439364
798,2020,Complete,Solar,frederick,VA,4.054087086,13.82284598,17.87693307,30,39.20177863,-78.26012305
799,2020,Complete,Solar,gloucester,NJ,89.80913674,306.2139117,396.0230485,10,39.71581067,-75.13995546
800,2020,Complete,Solar,hancock,WV,18.52519424,63.16364236,81.6888366,30,40.51943859,-80.57461608
801,2020,Complete,Solar,james city,VA,0,0,0,20,37.31157773,-76.76940422
802,2020,Complete,Solar,morris,NJ,1.537303858,16.4408973,17.97820116,19.8,40.86247792,-74.54435366
803,2020,Complete,Solar,northampton,PA,12.4196612,169.6502506,182.0699118,8.8,40.74935147,-75.31163812
804,2020,Complete,Solar,somerset,MD,0,0,0,3.9,38.1163542,-75.75118623
805,2020,Complete,Solar,washington,MD,36.91721241,125.8732066,162.790419,16,39.60680917,-77.81714716
806,2020,Complete,Solar,wayne,PA,2.866853607,9.774845736,12.64169934,17,41.64938475,-75.29956506
807,2020,Complete,Solar Hybrid,allegheny,PA,0,0,0,17.5,40.47039917,-79.98554139
808,2020,Complete,Solar Hybrid,bucks,PA,0,0,0,2,40.3374017,-75.10876276
809,2020,Complete,Solar Hybrid,columbia,PA,0,0,0,2,41.04821776,-76.40564977
810,2020,Complete,Solar Hybrid,dauphin,PA,0,0,0,3,40.41397293,-76.77655524
811,2020,Complete,Solar Hybrid,lackawanna,PA,0,0,0,2,41.43547951,-75.60418146
812,2020,Complete,Solar Hybrid,lancaster,PA,0,0,0,6,40.0379531,-76.24722217
813,2020,Complete,Solar Hybrid,montour,PA,0,0,0,2,41.02870303,-76.66086657
814,2020,Complete,Solar Hybrid,northumberland,PA,0,0,0,8,40.84760963,-76.70862527
815,2020,Complete,Solar Hybrid,perry,PA,0,0,0,6,40.40222298,-77.25944941
816,2020,Complete,Solar Hybrid,wayne,PA,0,0,0,3,41.64938475,-75.29956506
817,2020,Complete,Storage,anne arundel,MD,0,0,0,2.5,39.00668786,-76.60327934
818,2020,Complete,Storage,chesapeake,VA,0,0,0,20,36.67670048,-76.30545744
819,2020,Complete,Storage,prince george's,MD,0,0,0,1,38.83070039,-76.8496441
820,2020,Complete,Storage,whiteside,IL,0,0,0,0.5,41.75509713,-89.91556058
821,2020,Complete,Storage,wicomico,MD,0,0,0,3,38.37287843,-75.62738513
822,2020,Complete,Storage,worcester,MD,0,0,0,1,38.21290662,-75.33190011
823,2020,Withdrawn,Solar,accomack,VA,8.511917333,120.8692261,129.3811435,60,37.76707161,-75.63234615
824,2020,Withdrawn,Solar,adams,OH,37.95551666,685.2570389,723.2125555,49.9,38.84541072,-83.4718964
825,2020,Withdrawn,Solar,atlantic,NJ,109.9363894,5414.954494,5524.890883,63,39.47538693,-74.65848483
826,2020,Withdrawn,Solar,beaufort,NC,21.7053892,879.7704192,901.4758084,80,35.48572531,-76.84393571
827,2020,Withdrawn,Solar,bedford,PA,21.75163313,74.16453281,95.91616595,5,40.00586266,-78.49123865
828,2020,Withdrawn,Solar,boyle,KY,16.34288128,7.762868608,24.10574989,50,37.62680591,-84.86337504
829,2020,Withdrawn,Solar,bradford,PA,14.70318468,255.4495968,270.1527815,67,41.78869215,-76.51570822
830,2020,Withdrawn,Solar,burlington,NJ,898.9032754,68.09132875,966.9946042,24.2,39.87681868,-74.66931433
831,2020,Withdrawn,Solar,columbia,PA,42.90006336,118.2816033,161.1816666,20,41.04821776,-76.40564977
832,2020,Withdrawn,Solar,crawford,PA,11.75791499,46.20176618,57.95968117,50,41.6848279,-80.10872001
833,2020,Withdrawn,Solar,cumberland,NJ,109.2724779,771.9554283,881.2279063,3,39.37167069,-75.10660259
834,2020,Withdrawn,Solar,dekalb,IL,50.19312432,37.64484324,87.83796757,81.4,41.89372684,-88.76958542
835,2020,Withdrawn,Solar,franklin,PA,61.33598157,395.16197,456.4979516,85,39.92956518,-77.72157791
836,2020,Withdrawn,Solar,henry,IN,12.15,638.00716,650.15716,100,39.93029017,-85.39625719
837,2020,Withdrawn,Solar,henry,VA,0,0,0,14,36.68227381,-79.87742515
838,2020,Withdrawn,Solar,howard,IN,5.365912687,10.72501584,16.09092853,150,40.48527731,-86.11351892
839,2020,Withdrawn,Solar,huntingdon,PA,3.29714407,448.0410957,451.3382397,33.5,40.42191613,-77.97726673
840,2020,Withdrawn,Solar,jay,IN,0.102143008,13.84378235,13.94592536,150,40.43781032,-85.00576229
841,2020,Withdrawn,Solar,kent,DE,0,0,0,1.5,39.08646624,-75.56884914
842,2020,Withdrawn,Solar,king george,VA,10.2143008,593.1553155,603.3696163,50,38.26817691,-77.15851654
843,2020,Withdrawn,Solar,louisa,VA,107.2501584,1132.204019,1239.454177,20,37.97849713,-77.9627492
844,2020,Withdrawn,Solar,luzerne,PA,13.41924797,557.8948053,571.3140532,68,41.17821699,-75.9850149
845,2020,Withdrawn,Solar,mercer,PA,160.6738426,1022.220023,1182.893866,24,41.30248872,-80.25816981
846,2020,Withdrawn,Solar,mifflin,PA,74.34303726,253.480582,327.8236192,5,40.60866915,-77.61344346
847,2020,Withdrawn,Solar,montgomery,PA,49.76066539,169.664341,219.4250064,4,40.2119886,-75.36813071
848,2020,Withdrawn,Solar,montour,PA,101.0684878,1110.689487,1211.757975,3,41.02870303,-76.66086657
849,2020,Withdrawn,Solar,nottoway,VA,0,192.8020776,192.8020776,8,37.14359374,-78.05064246
850,2020,Withdrawn,Solar,pickaway,OH,9.777414726,93.48721543,103.2646302,200,39.64170392,-83.0243386
851,2020,Withdrawn,Solar,queen anne's,MD,18.82053966,707.7600299,726.5805696,100,39.06198912,-76.03530977
852,2020,Withdrawn,Solar,somerset,PA,26.76223247,3972.66565,3999.427882,5,39.97162671,-79.02670354
853,2020,Withdrawn,Solar,suffolk,VA,28.25956554,476.0750055,504.334571,177.5,36.70155393,-76.63603554
854,2020,Withdrawn,Solar,sussex,DE,40.05782965,1051.529026,1091.586855,105,38.66143781,-75.39031349
855,2020,Withdrawn,Solar,washington,MD,98.86670773,337.0966743,435.963382,24,39.60680917,-77.81714716
856,2020,Withdrawn,Solar,wicomico,MD,0,14.18652889,14.18652889,7.2,38.37287843,-75.62738513
857,2020,Withdrawn,Solar,york,PA,60.79848572,207.2989766,268.0974623,5,39.92283716,-76.73159403
858,2020,Withdrawn,Solar Hybrid,accomack,VA,30.6429024,759.1447105,789.7876129,70,37.76707161,-75.63234615
859,2020,Withdrawn,Solar Hybrid,beaver,PA,21.85860371,405.4260274,427.2846311,5,40.68266486,-80.34970598
860,2020,Withdrawn,Solar Hybrid,clarion,PA,0,0,0,4,41.19309854,-79.42292562
861,2020,Withdrawn,Solar Hybrid,cumberland,PA,14.33817044,3405.250343,3419.588514,20,40.16284441,-77.26417094
862,2020,Withdrawn,Solar Hybrid,dauphin,PA,21.85860371,575.4737071,597.3323108,5,40.41397293,-76.77655524
863,2020,Withdrawn,Solar Hybrid,dinwiddie,VA,0,0,0,10,37.07544384,-77.6345015
864,2020,Withdrawn,Solar Hybrid,garrett,MD,28.9454109,98.69249189,127.6379028,20,39.52786077,-79.27355126
865,2020,Withdrawn,Solar Hybrid,hertford,NC,0,216.0862475,216.0862475,35,36.3607755,-76.98104134
866,2020,Withdrawn,Solar Hybrid,lackawanna,PA,0,0,0,3,41.43547951,-75.60418146
867,2020,Withdrawn,Solar Hybrid,magoffin,KY,29.40079753,100.2451816,129.6459791,3.7,37.70820545,-83.0657714
868,2020,Withdrawn,Solar Hybrid,mercer,PA,6.616064114,277.7173435,284.3334077,125,41.30248872,-80.25816981
869,2020,Withdrawn,Solar Hybrid,northumberland,PA,20.83717363,1638.578134,1659.415308,5,40.84760963,-76.70862527
870,2020,Withdrawn,Solar Hybrid,perry,PA,0,0,0,3,40.40222298,-77.25944941
871,2020,Withdrawn,Solar Hybrid,prince george,VA,0,294.2497471,294.2497471,20,37.1854013,-77.22950752
872,2020,Withdrawn,Storage,accomack,VA,107.2501584,473.0284579,580.2786163,20,37.76707161,-75.63234615
873,2020,Withdrawn,Storage,botetourt,VA,0,0,0,20,37.55537192,-79.80992902
874,2020,Withdrawn,Storage,charlotte,VA,42.90006336,1376.521892,1419.421955,50,37.01909701,-78.66314092
875,2020,Withdrawn,Storage,dorchester,MD,13.3770605,2533.666012,2547.043073,100,38.45413522,-76.02752426
876,2020,Withdrawn,Storage,queen anne's,MD,37.64107932,1602.145611,1639.78669,50,39.06198912,-76.03530977
877,2020,Withdrawn,Storage,rockingham,VA,21.45003168,196.1178235,217.5678552,100,38.50786076,-78.87099376
878,2020,Withdrawn,Wind Onshore,grayson,VA,5.940575323,4.632292014,10.57286734,105.4,36.65677268,-81.23216244
879,2021,Complete,Solar Hybrid,lynchburg,VA,0,0,0,8,37.40007824,-79.19884219
880,2021,Withdrawn,Solar Hybrid,burlington,NJ,57.9093528,197.4481672,255.35752,1.2,39.87681868,-74.66931433