,q_year,request_status,fuel,NAME,state,$2022_poi_cost/kw,$2022_network_cost/kw,$2022_total_cost/kw,nameplate_mw,lat,lon
0,1997,Complete,Natural Gas,bergen,NJ,2.166653587,0.0,2.166653587,500.0,40.92395611887281,-74.0719698461587
1,1997,Complete,Natural Gas,union,NJ,11.62201538,1.291335042,12.91335042,120.0,40.658346468852024,-74.30673355564731
2,1997,Complete,Oil,accomack,VA,8.704345929,0.0,8.704345929,315.0,37.767071606791944,-75.63234614927413
3,1998,Complete,Natural Gas,cecil,MD,6.485503838,39.33800278,45.82350661,465.0,39.56654282903454,-75.9462805630748
4,1998,Complete,Natural Gas,delaware,PA,0.247243453,3.327605997,3.574849449,521.0,39.91569836332675,-75.39991690824239
5,1998,Complete,Natural Gas,lackawanna,PA,18.93209462,0.0,18.93209462,46.0,41.43547950758148,-75.60418146070248
6,1999,Complete,Natural Gas,adams,PA,14.09117109,7.137100272,21.22827136,830.0,39.87204983085216,-77.21604163867624
7,1999,Complete,Natural Gas,charles,MD,0.0,0.0,0.0,80.0,38.51092331497901,-76.98580666116092
8,1999,Complete,Natural Gas,luzerne,PA,0.0,0.0,0.0,50.0,41.178216994691475,-75.98501490463924
9,1999,Complete,Natural Gas,middlesex,NJ,0.0,0.0,0.0,20.0,40.43629878563545,-74.41426990787589
10,1999,Complete,Natural Gas,northampton,PA,44.569320545,0.354170746,44.92349129,798.0,40.74935147248934,-75.3116381160293
11,1999,Complete,Natural Gas,ocean,NJ,3.31885067,11.18809414,14.50694481,500.0,39.88954489948138,-74.28089250817476
12,1999,Complete,Natural Gas,union,NJ,6.101324086,2.899517008,9.000841094,1186.0,40.658346468852024,-74.30673355564731
13,1999,Complete,Other,westmoreland,PA,23.62846778,11.10362422,34.732092,525.0,40.31243409475859,-79.46987424378885
14,2000,Complete,Natural Gas,kent,DE,22.16261151,0.0,22.16261151,100.0,39.086466238642544,-75.56884914275379
15,2001,Complete,Natural Gas,baltimore,MD,17.83554127,0.0,17.83554127,18.0,39.438692728945966,-76.62695327337231
16,2002,Complete,Natural Gas,gloucester,NJ,0.0,0.0,0.0,1.7,39.71581066715018,-75.13995546360321
17,2002,Complete,Wind Onshore,atlantic,NJ,19.19597227,0.0,19.19597227,7.5,39.47538692612786,-74.65848483266721
18,2002,Complete,Wind Onshore,grant,WV,0.0,1.099341446,1.099341446,300.0,39.103148168904724,-79.19440517992734
19,2003,Complete,Natural Gas,atlantic,NJ,312.8468746,0.0,312.8468746,1.5,39.47538692612786,-74.65848483266721
20,2003,Complete,Natural Gas,kane,IL,0.0,0.0,0.0,29.0,41.938391678730135,-88.42863984446511
21,2003,Complete,Oil,salem,NJ,0.0,0.0,0.0,8.0,39.587173035126,-75.34691254003255
22,2003,Complete,Wind Onshore,lycoming,PA,0.0,7.40217386,7.40217386,70.0,41.343105393182825,-77.06629983513213
23,2003,Complete,Wind Onshore,somerset,PA,0.0,78.12517420500001,78.12517420500001,69.4,39.971626711763534,-79.02670353570272
24,2003,Complete,Wind Onshore,stark,IL,2.680761385,17.20155222,19.88231361,150.0,41.09309772779619,-89.79745866449244
25,2004,Complete,Coal,scioto,OH,16.16070191,30.92058924,47.08129115,75.0,38.80270162829739,-82.98907344748547
26,2004,Complete,Natural Gas,baltimore,MD,115.6153321,0.0,115.6153321,9.0,39.438692728945966,-76.62695327337231
27,2004,Complete,Natural Gas,new castle,DE,0.0,0.0,0.0,4.0,39.57992633474786,-75.64054971710857
28,2004,Complete,Nuclear,beaver,PA,0.0,0.0,0.0,1652.0,40.68266485842424,-80.3497059785092
29,2004,Complete,Wind Onshore,luzerne,PA,29.090604,0.0,29.090604,26.0,41.178216994691475,-75.98501490463924
30,2005,Complete,Natural Gas,cumberland,NJ,0.223516651,0.0,0.223516651,225.0,39.37167068678935,-75.10660259284616
31,2005,Complete,Natural Gas,warren,NJ,118.9830909,0.0,118.9830909,3.6,40.85951348974019,-74.99556359608188
32,2005,Complete,Natural Gas,wicomico,MD,94.14968023,0.0,94.14968023,6.0,38.372878431402896,-75.6273851287114
33,2005,Complete,Oil,schuylkill,PA,81.56917219,0.0,81.56917219,8.0,40.70494736744855,-76.21477951152943
34,2005,Complete,Other,adams,IL,0.0,0.0,0.0,20.0,39.988042755776256,-91.18779389847695
35,2005,Complete,Wind Onshore,bureau,IL,2.786048803,13.95756806,16.74361686,74.0,41.40382413326133,-89.52829399293502
36,2005,Complete,Wind Onshore,cambria,PA,2.160128101,13.634055285,15.794183389,70.0,40.49418529767057,-78.71788306010968
37,2005,Complete,Wind Onshore,fayette,PA,6.104638624,23.56729752,29.67193614,50.4,39.91812936845464,-79.64393640227142
38,2005,Complete,Wind Onshore,lee,IL,0.0,10.082532736666666,10.082532736666666,457.0,41.74583951235151,-89.29977131720567
39,2005,Complete,Wind Onshore,livingston,IL,0.424130395,21.46665165,21.890782044999998,600.0,40.8919034282341,-88.55782233496889
40,2005,Complete,Wind Onshore,mercer,IL,10.739245,8.50567,19.244915,200.0,41.20596782170323,-90.74290052425185
41,2005,Complete,Wind Onshore,mineral,WV,0.0,6.656577123,6.656577123,85.0,39.41560861827627,-78.94104729491016
42,2005,Complete,Wind Onshore,schuylkill,PA,26.36420806,0.0,26.36420806,27.3,40.70494736744855,-76.21477951152943
43,2005,Complete,Wind Onshore,somerset,PA,0.0,30.44330158,30.44330158,65.0,39.971626711763534,-79.02670353570272
44,2005,Complete,Wind Onshore,woodford,IL,18.54219328,56.03579625,74.57798954,200.0,40.78584887311133,-89.20974397159135
45,2005,Complete,Wind Onshore,wyoming,PA,0.0,23.93309721,23.93309721,150.0,41.519526704624525,-76.01081401677567
46,2006,Complete,Biomass,berks,PA,0.074809631,20.57264858,20.64745821,30.0,40.415513885458935,-75.92318432832333
47,2006,Complete,Biomass,martin,NC,0.111783875,0.0,0.111783875,62.5,35.84326733727979,-77.10860251042143
48,2006,Complete,Biomass,sullivan,TN,0.0,0.0,0.0,50.0,36.51240690706997,-82.30412917180156
49,2006,Complete,Natural Gas,gloucester,NJ,7.831970154,0.0,7.831970154,650.0,39.71581066715018,-75.13995546360321
50,2006,Complete,Natural Gas,king george,VA,23.87158901,16.38502208,40.25661109,11.0,38.26817691335273,-77.15851654318722
51,2006,Complete,Natural Gas,lebanon,PA,44.68694875,0.0,44.68694875,3.2,40.365867392348854,-76.4547965847159
52,2006,Complete,Natural Gas,lee,IL,1.407639685,4.848999278,6.256638964,600.0,41.74583951235151,-89.29977131720567
53,2006,Complete,Natural Gas,stafford,VA,102.1246036,169.6638782,271.7884817,2.0,38.4179049295653,-77.45929294153574
54,2006,Complete,Wind Onshore,benton,IN,12.72391185,0.264657367,12.98856922,250.0,40.6062694659984,-87.31093999318061
55,2006,Complete,Wind Onshore,blair,PA,0.0,138.7383984,138.7383984,38.0,40.48217286770913,-78.3507606812789
56,2006,Complete,Wind Onshore,cambria,PA,3.589366105,5.306995238,8.896361343,75.0,40.49418529767057,-78.71788306010968
57,2006,Complete,Wind Onshore,centre,PA,0.0,98.28863396,98.28863396,50.0,40.92126000143399,-77.82249856108157
58,2006,Complete,Wind Onshore,jo daviess,IL,6.326972844,40.76407942,47.09105226,100.0,42.36542372892255,-90.21094404948981
59,2006,Complete,Wind Onshore,paulding,OH,0.0,43.47762069,43.47762069,150.0,41.116763412974734,-84.58010170486557
60,2006,Complete,Wind Onshore,schuylkill,PA,5.954530391,73.65690067,79.61143106,100.0,40.70494736744855,-76.21477951152943
61,2006,Complete,Wind Onshore,somerset,PA,0.0,379.071052765,379.071052765,54.3,39.971626711763534,-79.02670353570272
62,2006,Withdrawn,Wind Onshore,champaign,OH,0.578351591,12.68525366,13.26360525,100.0,40.13923426627083,-83.76875241854191
63,2006,Withdrawn,Wind Onshore,livingston,IL,0.0,0.0,0.0,500.0,40.8919034282341,-88.55782233496889
64,2007,Complete,Coal,wise,VA,10.1882476,65.91611553,76.10436312,614.0,36.97453407709937,-82.62413781367461
65,2007,Complete,Hydro,fayette,WV,5.082479811,0.0,5.082479811,100.0,38.029749279544426,-81.0828663360952
66,2007,Complete,Natural Gas,berrien,MI,0.0,167.8313203,167.8313203,6.4,41.954473970673774,-86.41313080416977
67,2007,Complete,Natural Gas,cumberland,NJ,0.0,0.0,0.0,63.0,39.37167068678935,-75.10660259284616
68,2007,Complete,Natural Gas,harford,MD,15.81100692,26.40516281,42.21616973,130.0,39.55010556218319,-76.30775788737252
69,2007,Complete,Natural Gas,king george,VA,45.15682215,11.64498121,56.80180336,9.8,38.26817691335273,-77.15851654318722
70,2007,Complete,Natural Gas,lackawanna,PA,0.0,30.62170842,30.62170842,9.2,41.43547950758148,-75.60418146070248
71,2007,Complete,Natural Gas,montgomery,MD,30.18059371,0.0,30.18059371,4.0,39.13676328539865,-77.20358245159572
72,2007,Complete,Natural Gas,muskingum,OH,0.0,0.0,0.0,580.0,39.96575972898952,-81.94363448762263
73,2007,Complete,Natural Gas,schuylkill,PA,162.279704,6.185760081,168.4654641,10.5,40.70494736744855,-76.21477951152943
74,2007,Complete,Natural Gas,surry,VA,0.0,7.505798302,7.505798302,92.0,37.1178263898719,-76.8844697753728
75,2007,Complete,Oil,cumberland,NJ,0.0,0.0,0.0,17.0,39.37167068678935,-75.10660259284616
76,2007,Complete,Wind Onshore,allegheny,PA,0.0,15.45091007,15.45091007,70.0,40.47039916642533,-79.98554138705339
77,2007,Complete,Wind Onshore,jay,IN,0.0,68.53448471,68.53448471,120.0,40.437810318309666,-85.00576228826
78,2007,Complete,Wind Onshore,kankakee,IL,0.3622459245,10.408608754,10.770854679,350.0,41.137456819108145,-87.86198065783698
79,2007,Complete,Wind Onshore,van wert,OH,0.0,6.334410054,6.334410054,350.0,40.85541380082887,-84.59111700409092
80,2007,Complete,Wind Onshore,white,IN,0.0,6.928862891,6.928862891,202.0,40.74911164737052,-86.86492014962934
81,2008,Complete,Natural Gas,henrico,VA,25.1671024,0.0,25.1671024,8.0,37.53459785477613,-77.39324618962807
82,2008,Complete,Wind Onshore,benton,IN,0.0,0.0,0.0,200.0,40.6062694659984,-87.31093999318061
83,2008,Complete,Wind Onshore,garrett,MD,8.361647501,1.9817503065,10.343397808999999,110.0,39.52786076551828,-79.27355125907987
84,2008,Complete,Wind Onshore,hardin,OH,1.509802601,4.176769875,5.686572476,250.0,40.66015413672488,-83.65929931306782
85,2008,Complete,Wind Onshore,madison,IN,0.0,14.41078287,14.41078287,200.0,40.16143690752736,-85.71964710896368
86,2008,Complete,Wind Onshore,paulding,OH,3.948691041,5.656233113,9.604924154,150.0,41.116763412974734,-84.58010170486557
87,2008,Complete,Wind Onshore,randolph,IN,0.0,46.62828315,46.62828315,200.0,40.157347715904095,-85.01139319036812
88,2008,Complete,Wind Onshore,seneca,OH,0.0,9.676931883,9.676931883,200.0,41.12350926175438,-83.12782424710245
89,2008,Complete,Wind Onshore,white,IN,0.0,0.0,0.0,200.0,40.74911164737052,-86.86492014962934
90,2008,Withdrawn,Solar,morris,NJ,0.0,0.0,0.0,20.0,40.86247791987626,-74.54435365867012
91,2008,Withdrawn,Wind Onshore,columbia,PA,0.0,35.19063935,35.19063935,100.0,41.04821775503093,-76.40564976761706
92,2008,Withdrawn,Wind Onshore,richland,OH,6.705409786,13.80176053,20.50717031,200.0,40.77180307661345,-82.53799609841495
93,2009,Complete,Hydro,butler,OH,0.0,45.67338026,45.67338026,112.0,39.44012838380084,-84.57388716390807
94,2009,Complete,Natural Gas,anne arundel,MD,202.6177627,0.0,202.6177627,4.0,39.006687855484024,-76.603279337909
95,2009,Complete,Natural Gas,atlantic,NJ,16.87909132,30.08528055,46.96437188,5.5,39.47538692612786,-74.65848483266721
96,2009,Complete,Natural Gas,henrico,VA,45.94356814,22.16272364,68.10629178,4.0,37.53459785477613,-77.39324618962807
97,2009,Complete,Solar,gloucester,NJ,60.40373132,0.0,60.40373132,5.1,39.71581066715018,-75.13995546360321
98,2009,Complete,Solar,salem,NJ,0.0,0.0,0.0,19.9,39.587173035126,-75.34691254003255
99,2009,Complete,Wind Onshore,bradford,PA,0.0,0.0,0.0,100.5,41.78869214971548,-76.51570821597372
100,2009,Complete,Wind Onshore,paulding,OH,17.94977707,0.0,17.94977707,100.0,41.116763412974734,-84.58010170486557
101,2009,Complete,Wind Onshore,randolph,IN,16.18627298,0.0,16.18627298,200.0,40.157347715904095,-85.01139319036812
102,2010,Complete,Biomass,halifax,VA,11.77788944,76.66971524,88.44760468,47.4,36.76654925323564,-78.93512622289322
103,2010,Complete,Natural Gas,cumberland,NJ,108.4535736,7.892509205,116.3460828,63.0,39.37167068678935,-75.10660259284616
104,2010,Complete,Natural Gas,lancaster,PA,41.31685327,26.14641967,67.46327294,11.4,40.037953104715285,-76.2472221661036
105,2010,Complete,Solar,franklin,PA,0.0,12.18297177,12.18297177,13.5,39.92956518216588,-77.7215779078095
106,2010,Complete,Solar,frederick,MD,0.0,59.59307406,59.59307406,14.0,39.472673447470996,-77.39779097494278
107,2010,Complete,Solar,hunterdon,NJ,0.0,0.0,0.0,15.0,40.56334732725691,-74.91284038798322
108,2010,Complete,Solar,warren,NJ,23.42855538,76.32143060499999,99.749985975,11.8,40.85951348974019,-74.99556359608188
109,2010,Complete,Storage,luzerne,PA,0.0,47.86856751,47.86856751,20.0,41.178216994691475,-75.98501490463924
110,2010,Complete,Wind Onshore,hardin,OH,0.437201928,16.04018675,16.47738868,66.7,40.66015413672488,-83.65929931306782
111,2010,Complete,Wind Onshore,pasquotank,NC,2.246413901,20.64418378,22.89059768,208.0,36.2672379808793,-76.25134778004112
112,2011,Complete,Biomass,campbell,VA,0.0,0.0,0.0,60.0,37.20551977530489,-79.09674063315872
113,2011,Complete,Natural Gas,brunswick,VA,1.188237919,60.94136314,62.12960106,1525.5,36.76366948757138,-77.85934360464023
114,2011,Complete,Natural Gas,franklin,VA,0.769180242,0.0,0.769180242,70.0,36.989244958418766,-79.84651804871298
115,2011,Complete,Other,new castle,DE,0.0,20.72183172,20.72183172,24.9,39.57992633474786,-75.64054971710857
116,2011,Complete,Solar,anne arundel,MD,178.5368049,0.0,178.5368049,20.0,39.006687855484024,-76.603279337909
117,2011,Complete,Solar,warren,NJ,0.0,78.70504492,78.70504492,8.0,40.85951348974019,-74.99556359608188
118,2011,Complete,Solar,washington,MD,8.261804503,18.43842425,26.70022875,20.0,39.60680916878638,-77.81714715804434
119,2011,Complete,Wind Offshore,cape may,NJ,63.33872244,0.0,63.33872244,25.0,39.14963788549348,-74.80126369498831
120,2011,Complete,Wind Onshore,logan,IL,0.0,19.91313821,19.91313821,250.0,40.125786704900676,-89.36637493650926
121,2012,Complete,Biomass,covington,VA,6.929612642,0.0,6.929612642,50.0,37.778206861579974,-79.98573507080917
122,2012,Complete,Hydro,pleasants,WV,0.0,0.0,0.0,43.2,39.370945236881674,-81.16770317080163
123,2012,Complete,Natural Gas,cape may,NJ,0.794905447,0.0,0.794905447,447.0,39.14963788549348,-74.80126369498831
124,2012,Complete,Natural Gas,carroll,OH,2.84840827,0.0,2.84840827,742.0,40.578929736885264,-81.09182162164932
125,2012,Complete,Natural Gas,hamilton,OH,0.0,0.0,0.0,20.0,39.19673426581369,-84.54503248506578
126,2012,Complete,Natural Gas,loudoun,VA,0.0,4.820340693,4.820340693,800.0,39.089900829411484,-77.63481877300728
127,2012,Complete,Natural Gas,prince george's,MD,0.0,12.38065232,12.38065232,735.5,38.8307003862769,-76.84964410063907
128,2012,Complete,Natural Gas,union,NJ,5.604195975,0.0,5.604195975,17.9,40.658346468852024,-74.30673355564731
129,2012,Complete,Wind Onshore,somerset,PA,0.0,48.96710312,48.96710312,38.3,39.971626711763534,-79.02670353570272
130,2013,Active,Natural Gas,middlesex,NJ,0.0,8.190435939,8.190435939,675.0,40.43629878563545,-74.41426990787589
131,2013,Complete,Natural Gas,beaver,PA,3.934729485,4.858097876,8.792827361,205.0,40.68266485842424,-80.3497059785092
132,2013,Complete,Natural Gas,butler,OH,18.83474054,26.3931283,45.22786883,513.0,39.44012838380084,-84.57388716390807
133,2013,Complete,Natural Gas,cecil,MD,0.598238517,0.0,0.598238517,1000.0,39.56654282903454,-75.9462805630748
134,2013,Complete,Natural Gas,greensville,VA,2.12250259,103.2246739,105.3471765,1681.0,36.678788366115086,-77.56351483408933
135,2013,Complete,Solar,gloucester,NJ,126.4176025,0.0,126.4176025,3.8,39.71581066715018,-75.13995546360321
136,2013,Complete,Solar,northampton,VA,23.09801225,5.774503061,28.87251531,20.0,37.340629327278585,-75.87751590729266
137,2013,Complete,Wind Onshore,perquimans,NC,5.446150763,37.89674371,43.34289447,189.0,36.178474526652884,-76.40603143158852
138,2013,Withdrawn,Wind Offshore,cuyahoga,OH,0.0,0.0,0.0,18.0,41.42411899591559,-81.65918338943528
139,2014,Complete,Natural Gas,berks,PA,0.024567299,0.0,0.024567299,591.1,40.415513885458935,-75.92318432832333
140,2014,Complete,Natural Gas,bucks,PA,0.0,0.0,0.0,1342.0,40.33740169842376,-75.10876275997953
141,2014,Complete,Natural Gas,clinton,PA,0.0,16.33687624,16.33687624,463.0,41.23284761699168,-77.63656491938518
142,2014,Complete,Natural Gas,columbiana,OH,0.0,6.413493752,6.413493752,1152.0,40.76665334843698,-80.7775784769779
143,2014,Complete,Natural Gas,hanover,VA,3.309273035,4.851969811,8.161242845,340.0,37.75956699353723,-77.49076271638765
144,2014,Complete,Natural Gas,lawrence,PA,0.0,5.153111826,5.153111826,1000.0,40.992055210701075,-80.33391572813817
145,2014,Complete,Natural Gas,livingston,IL,0.429865922,0.0,0.429865922,13.3,40.8919034282341,-88.55782233496889
146,2014,Complete,Natural Gas,luzerne,PA,0.0,5.462636174,5.462636174,1050.0,41.178216994691475,-75.98501490463924
147,2014,Complete,Natural Gas,salem,NJ,6.448820572,6.287140178,12.73596075,529.0,39.587173035126,-75.34691254003255
148,2014,Complete,Solar,accomack,VA,28.18431003,140.2288985,168.4132086,20.0,37.767071606791944,-75.63234614927413
149,2014,Complete,Solar,burlington,NJ,0.0,0.0,0.0,13.0,39.87681868389571,-74.66931432550099
150,2014,Complete,Solar,edgecombe,NC,0.289620201,19.05347812,19.34309832,80.0,35.912306386033556,-77.59436892095293
151,2014,Complete,Solar,frederick,MD,0.0,33.04298974,33.04298974,9.0,39.472673447470996,-77.39779097494278
152,2014,Complete,Solar,hertford,NC,8.836199194,37.21770112,46.05390031,80.0,36.36077550167844,-76.98104133503753
153,2014,Complete,Solar,martin,NC,19.67457886,34.45815362,54.13273248,15.0,35.84326733727979,-77.10860251042143
154,2014,Complete,Solar,northampton,NC,7.086532802,76.14919973,83.23573254,74.9,36.41735801937875,-77.39760075919797
155,2014,Complete,Solar,pasquotank,NC,10.88751361,22.56261746,33.45013107,20.0,36.2672379808793,-76.25134778004112
156,2014,Complete,Storage,allegheny,PA,0.0,1.040460461,1.040460461,11.0,40.47039916642533,-79.98554138705339
157,2014,Complete,Storage,monmouth,NJ,24.81807513,0.0,24.81807513,20.0,40.265496989487794,-74.22240686446654
158,2014,Complete,Storage,somerset,PA,0.0,0.0,0.0,48.0,39.971626711763534,-79.02670353570272
159,2014,Complete,Wind Onshore,cambria,PA,0.0,0.0,0.0,30.0,40.49418529767057,-78.71788306010968
160,2014,Complete,Wind Onshore,livingston,IL,4.6542372545,31.265709135,35.91994639,350.0,40.8919034282341,-88.55782233496889
161,2015,Active,Natural Gas,clinton,PA,0.0,7.825728649,7.825728649,504.0,41.23284761699168,-77.63656491938518
162,2015,Active,Natural Gas,lucas,OH,0.795108987,6.810837201,7.605946188,955.0,41.6210128969662,-83.65478636967202
163,2015,Active,Storage,luzerne,PA,40.59184186,13.45883351,54.05067537,20.0,41.178216994691475,-75.98501490463924
164,2015,Complete,Natural Gas,allegheny,PA,1.024916469,27.68761931,28.71253578,541.0,40.47039916642533,-79.98554138705339
165,2015,Complete,Natural Gas,bradford,PA,12.77154512,45.20433048,57.9758756,19.9,41.78869214971548,-76.51570821597372
166,2015,Complete,Natural Gas,buckingham,VA,0.0,0.0,0.0,682.0,37.57242230623772,-78.52518843034474
167,2015,Complete,Natural Gas,cass,MI,20.9234362,3.431688415,24.35512461,994.0,41.91522292207857,-85.99405726900842
168,2015,Complete,Natural Gas,clearfield,PA,0.0,0.019380396,0.019380396,590.0,41.00110781695726,-78.47592663471657
169,2015,Complete,Natural Gas,fayette,PA,0.0,0.020569023,0.020569023,706.0,39.91812936845464,-79.64393640227142
170,2015,Complete,Natural Gas,middlesex,NJ,5.336740009,7.71220331,13.04894332,568.0,40.43629878563545,-74.41426990787589
171,2015,Complete,Natural Gas,trumbull,OH,0.0,3.965474189,3.965474189,956.5,41.317350279235505,-80.76109643384082
172,2015,Complete,Solar,edgecombe,NC,6.719604903,87.38445287,94.10405777,80.0,35.912306386033556,-77.59436892095293
173,2015,Complete,Solar,franklin,PA,3.446802662,8.37041505,11.81721771,40.0,39.92956518216588,-77.7215779078095
174,2015,Complete,Solar,northampton,NC,19.53064539,1.337435011,20.8680804,120.0,36.41735801937875,-77.39760075919797
175,2015,Complete,Solar,queen anne's,MD,0.0,127.5245241,127.5245241,4.0,39.06198912381182,-76.03530977238574
176,2015,Complete,Solar,southampton,VA,6.700156297,83.61169127,90.31184756,100.0,36.7223112518913,-77.10642711858938
177,2015,Complete,Solar,washington,NC,7.818406042,22.83008101,30.64848705,80.0,35.83810080534542,-76.57299037356401
178,2015,Complete,Solar Hybrid,essex,NJ,0.0,0.0,0.0,2.0,40.78645920593382,-74.2460966322243
179,2015,Complete,Storage,warren,NJ,25.2129259,0.737520962,25.95044686,20.0,40.85951348974019,-74.99556359608188
180,2015,Complete,Wind Offshore,sussex,DE,4.317354399,5.960006985,10.27736138,247.8,38.66143781232537,-75.39031349271507
181,2015,Complete,Wind Onshore,white,IN,0.0,0.219192538,0.219192538,200.0,40.74911164737052,-86.86492014962934
182,2015,Withdrawn,Natural Gas,lackawanna,PA,0.0,358.1390521,358.1390521,485.0,41.43547950758148,-75.60418146070248
183,2015,Withdrawn,Natural Gas,mason,KY,0.0,5.037669565,5.037669565,1150.0,38.594720146960924,-83.82151429850815
184,2015,Withdrawn,Natural Gas,snyder,PA,5.505314664,148.9244426,154.4297572,1030.0,40.77114873087213,-77.06884738908003
185,2015,Withdrawn,Natural Gas,washington,PA,0.0,4.931414396,4.931414396,1025.0,40.19184046385578,-80.2457704780798
186,2015,Withdrawn,Solar,southampton,VA,5.688032967,74.23901099,79.92704396,91.0,36.7223112518913,-77.10642711858938
187,2016,Active,Natural Gas,guernsey,OH,80.31413863,11.9619346,92.27607324,550.0,40.05026528578671,-81.49248904822805
188,2016,Active,Natural Gas,snyder,PA,0.0,0.0,0.0,1143.0,40.77114873087213,-77.06884738908003
189,2016,Active,Solar,adams,OH,22.92240574,25.45729225,48.37969799,49.9,38.84541071850053,-83.47189639851895
190,2016,Active,Solar,carbon,PA,0.0,2.92721498,2.92721498,10.0,40.915080254907686,-75.70908737002868
191,2016,Active,Solar,crawford,OH,42.73504274,25.21367521,67.94871795,117.0,40.85064564617122,-82.91989325053814
192,2016,Active,Solar,culpeper,VA,6.936239314,96.06031999999999,102.99655934999998,160.0,38.48401706331724,-77.95862397820886
193,2016,Active,Solar,dinwiddie,VA,6.797585746,91.10810642,97.90569217,80.0,37.07544384127212,-77.63450150060336
194,2016,Active,Solar,halifax,VA,16.98911455,192.50971959999998,209.49883415,73.9,36.76654925323564,-78.93512622289322
195,2016,Active,Solar,hanover,VA,0.0,40.6818875,40.6818875,80.0,37.75956699353723,-77.49076271638765
196,2016,Active,Solar,hardin,OH,17.26376105,4.315940262,21.57970131,130.0,40.66015413672488,-83.65929931306782
197,2016,Active,Solar,hertford,NC,44.2692,149.7186,193.9878,5.0,36.36077550167844,-76.98104133503753
198,2016,Active,Solar,jackson,OH,78.28304934,31.31321973,109.5962691,70.0,39.019142543239425,-82.61818560183286
199,2016,Active,Solar,meigs,OH,2.543786495,32.19053921,34.7343257,48.0,39.092248719801255,-82.03050410461687
200,2016,Active,Solar,pitt,NC,0.0,36.7416875,36.7416875,80.0,35.59505651018732,-77.37395433200922
201,2016,Active,Solar,vinton,OH,1.00475217,27.89500217,28.89975434,125.0,39.25208988207214,-82.48314440258642
202,2016,Complete,Hydro,lynchburg,VA,0.0,0.0,0.0,12.5,37.4000782360907,-79.19884218534771
203,2016,Complete,Natural Gas,franklin,PA,0.0,0.950082316,0.950082316,15.0,39.92956518216588,-77.7215779078095
204,2016,Complete,Natural Gas,lebanon,PA,0.019001646,0.0,0.019001646,750.0,40.365867392348854,-76.4547965847159
205,2016,Complete,Natural Gas,monroe,OH,0.0,27.50175264,27.50175264,485.0,39.72994995882985,-81.07535714688154
206,2016,Complete,Natural Gas,van buren,MI,0.0,0.0,0.0,1055.0,42.25190229120021,-86.0193908751942
207,2016,Complete,Natural Gas,westmoreland,PA,0.0,9.681114374,9.681114374,1050.0,40.31243409475859,-79.46987424378885
208,2016,Complete,Nuclear,york,PA,0.0,13.07912425,13.07912425,2709.8,39.922837160321635,-76.73159402672948
209,2016,Complete,Solar,alamance,NC,9.792133333,111.2234,121.0155333,60.0,36.04347010229184,-79.39976137086514
210,2016,Complete,Solar,buckingham,VA,0.0,0.0,0.0,19.8,37.57242230623772,-78.52518843034474
211,2016,Complete,Solar,campbell,VA,0.46810668,6.627965041,7.096071721,60.0,37.20551977530489,-79.09674063315872
212,2016,Complete,Solar,charles city,VA,5.192064423,5.535893434,10.72795786,320.0,37.35357060322606,-77.05632773238949
213,2016,Complete,Solar,chesapeake,VA,3.672715281,53.38090974,57.05362503,150.0,36.67670047776967,-76.30545743669693
214,2016,Complete,Solar,culpeper,VA,8.669193868,122.7094852,131.378679,60.0,38.48401706331724,-77.95862397820886
215,2016,Complete,Solar,defiance,OH,15.37422612,8.78527207,24.15949819,49.9,41.32398837368299,-84.49076944483588
216,2016,Complete,Solar,edgecombe,NC,6.597921179,97.27197023,103.86989141500001,175.0,35.912306386033556,-77.59436892095293
217,2016,Complete,Solar,fauquier,VA,0.0,0.0,0.0,19.8,38.735648418535106,-77.80647471996564
218,2016,Complete,Solar,greensville,VA,18.01163699,70.38821649333333,88.39985351666667,260.0,36.678788366115086,-77.56351483408933
219,2016,Complete,Solar,halifax,NC,6.786283508,97.51995988,104.3062434,80.0,36.256739444649995,-77.65561110600461
220,2016,Complete,Solar,halifax,VA,77.86348925,108.239723895,186.10321315,71.0,36.76654925323564,-78.93512622289322
221,2016,Complete,Solar,harrison,KY,4.4687566,88.60905944,93.07781604,80.0,38.44168171746726,-84.32901095411219
222,2016,Complete,Solar,highland,OH,0.0,23.106923925,23.106923925,550.0,39.18392639894175,-83.60331455789769
223,2016,Complete,Solar,hyde,NC,7.448862564,100.53974,107.9886026,74.0,35.420176737707536,-76.15180542255648
224,2016,Complete,Solar,isle of wight,VA,11.30445717,18.02881849,29.33327566,240.0,36.90566224624305,-76.70855327934865
225,2016,Complete,Solar,king george,VA,10.7928001,140.3743199,151.16712,50.0,38.26817691335273,-77.15851654318722
226,2016,Complete,Solar,louisa,VA,7.521797184,186.3173769,193.8391741,88.2,37.97849712790609,-77.96274920366149
227,2016,Complete,Solar,madison,OH,2.284869446,40.48983659,42.77470603,176.0,39.89381073260752,-83.40178316992127
228,2016,Complete,Solar,mecklenburg,VA,44.058371367999996,147.24338322333332,191.30175458,149.9,36.67882005451591,-78.36131056368764
229,2016,Complete,Solar,middlesex,NJ,9.559642949,21.92036407,31.48000702,13.1,40.43629878563545,-74.41426990787589
230,2016,Complete,Solar,orange,VA,8.488497061,125.8018056,134.2903027,62.5,38.248078632791696,-78.01156565786464
231,2016,Complete,Solar,pickaway,OH,0.0,25.4488039125,25.4488039125,199.6,39.641703919317415,-83.0243385953563
232,2016,Complete,Solar,pike,KY,109.5962691,39.45465686,149.0509259,50.0,37.47088263200285,-82.39487444644212
233,2016,Complete,Solar,pittsylvania,VA,30.16275031533333,83.44053938666667,113.60328973000001,192.0,36.819803410936984,-79.39731263633932
234,2016,Complete,Solar,powhatan,VA,0.0,0.0,0.0,20.0,37.55016038012985,-77.91267881662348
235,2016,Complete,Solar,prince george,VA,3.762470743,79.82933477,83.59180551,160.0,37.185401295650884,-77.22950751845855
236,2016,Complete,Solar,randolph,IN,0.0,3.1,3.1,100.0,40.157347715904095,-85.01139319036812
237,2016,Complete,Solar,ross,OH,20.57025082,65.06878061,85.63903144,49.9,39.337053912657865,-83.06000913622718
238,2016,Complete,Solar,spotsylvania,VA,8.086661514,5.503825227,13.59048674,500.0,38.185743617975675,-77.65540010451055
239,2016,Complete,Solar,surry,VA,5.707258673,35.921228580999994,41.628487254999996,240.3,37.1178263898719,-76.8844697753728
240,2016,Complete,Solar,sussex,VA,5.457460085,63.32787085,68.78533095,70.0,36.92434826035238,-77.25788472145597
241,2016,Complete,Solar,warren,NC,8.997805824,106.8171544,115.8149602,65.0,36.397282555830564,-78.10652227680852
242,2016,Complete,Wind Onshore,lee,IL,0.318791042,0.0,0.318791042,70.4,41.74583951235151,-89.29977131720567
243,2016,Complete,Wind Onshore,paulding,OH,7.348274843,10.52590721,17.87418205,75.9,41.116763412974734,-84.58010170486557
244,2016,Withdrawn,Natural Gas,charles city,VA,3.993627486,6.9216468165,10.915274303,2660.0,37.35357060322606,-77.05632773238949
245,2016,Withdrawn,Natural Gas,harrison,OH,0.819593551,42.45605743,43.27565098,1050.0,40.29376928573361,-81.09064707603765
246,2016,Withdrawn,Natural Gas,hudson,NJ,0.0,89.01597792,89.01597792,1041.4,40.75436378399357,-74.07743191089402
247,2016,Withdrawn,Natural Gas,marshall,WV,5.563262389,1.390815597,6.954077987,394.0,39.860643620021634,-80.66591062439164
248,2016,Withdrawn,Natural Gas,middlesex,NJ,0.0,335.6765839,335.6765839,675.0,40.43629878563545,-74.41426990787589
249,2016,Withdrawn,Solar,king george,VA,13.42176798,209.2734669,222.6952349,18.0,38.26817691335273,-77.15851654318722
250,2016,Withdrawn,Solar,luzerne,PA,28.53698003,30.71876461,59.25574464,20.0,41.178216994691475,-75.98501490463924
251,2016,Withdrawn,Solar,marion,OH,2.792327273,76.62338954,79.41571681,150.0,40.58610662430496,-83.15736304810986
252,2016,Withdrawn,Solar,mecklenburg,VA,0.0,5.205822781,5.205822781,20.0,36.67882005451591,-78.36131056368764
253,2016,Withdrawn,Solar,perquimans,NC,51.27220337,143.0820939,194.3542973,5.0,36.178474526652884,-76.40603143158852
254,2016,Withdrawn,Solar,prince edward,VA,8.21972018,291.1759522,299.3956724,240.0,37.225530893255446,-78.43593963226965
255,2016,Withdrawn,Solar,ross,OH,13.69953363,12.32958027,26.0291139,40.0,39.337053912657865,-83.06000913622718
256,2016,Withdrawn,Solar,washington,NC,12.49249512,396.8411309,409.3336261,20.0,35.83810080534542,-76.57299037356401
257,2016,Withdrawn,Solar,york,PA,79.15286099,0.0,79.15286099,18.0,39.922837160321635,-76.73159402672948
258,2016,Withdrawn,Storage,auglaize,OH,0.0,0.0,0.0,19.9,40.55998858649601,-84.22421429924673
259,2016,Withdrawn,Wind Onshore,henry,IN,27.39906727,18.35737507,45.75644234,200.0,39.93029016701308,-85.39625719266559
260,2016,Withdrawn,Wind Onshore,huron,OH,0.0,12.92048017,12.92048017,60.0,41.14651174696686,-82.5986795100134
261,2017,Active,Natural Gas,delaware,PA,0.0,0.017888401,0.017888401,919.0,39.91569836332675,-75.39991690824239
262,2017,Active,Natural Gas,luzerne,PA,0.0,0.024944517,0.024944517,1105.0,41.178216994691475,-75.98501490463924
263,2017,Active,Solar,clermont,OH,5.479813453,72.29737082,77.77718427,80.0,39.04847534103583,-84.15375785978193
264,2017,Active,Solar,culpeper,VA,0.0,31.79942323,31.79942323,150.0,38.48401706331724,-77.95862397820886
265,2017,Active,Solar,greene,OH,0.0,11.47503736,11.47503736,175.0,39.69116282967717,-83.8903208419598
266,2017,Active,Solar,halifax,VA,0.0,0.0,0.0,134.7,36.76654925323564,-78.93512622289322
267,2017,Active,Solar,harrison,KY,0.0,8.932095929,8.932095929,20.0,38.44168171746726,-84.32901095411219
268,2017,Active,Solar,isle of wight,VA,0.0,0.0,0.0,240.0,36.90566224624305,-76.70855327934865
269,2017,Active,Solar,madison,OH,0.0,0.248301745,0.248301745,196.0,39.89381073260752,-83.40178316992127
270,2017,Active,Solar,meigs,OH,22.83255606,4.566511211,27.39906727,60.0,39.092248719801255,-82.03050410461687
271,2017,Active,Solar,page,VA,9.407371037,84.98298266,94.39035369,100.0,38.62269336786966,-78.48553190828352
272,2017,Active,Solar,pickaway,OH,21.88778743,7.295929143,29.18371657,70.0,39.641703919317415,-83.0243385953563
273,2017,Active,Solar,powhatan,VA,6.681755351,80.37985726,87.06161261,99.9,37.55016038012985,-77.91267881662348
274,2017,Active,Solar,preble,OH,0.0,0.0,0.0,20.0,39.742024704377286,-84.64787017577001
275,2017,Active,Wind Hybrid,carbon,PA,13.02660509,21.54945652,34.57606161,90.0,40.915080254907686,-75.70908737002868
276,2017,Complete,Coal,chesterfield,VA,0.0,0.0,0.0,370.0,37.37369853860187,-77.5866807186086
277,2017,Complete,Natural Gas,warren,VA,0.0,0.0,0.0,1484.0,38.90848718445633,-78.20280854192448
278,2017,Complete,Solar,adams,PA,0.0,23.00628529,23.00628529,55.0,39.87204983085216,-77.21604163867624
279,2017,Complete,Solar,augusta,VA,3.3576512,46.10551496,49.46316616,150.0,38.16228790616792,-79.1256185037685
280,2017,Complete,Solar,charles,MD,6.493575038,22.14054255,28.63411759,27.5,38.51092331497901,-76.98580666116092
281,2017,Complete,Solar,clermont,OH,0.449154439,19.7497856,20.19894004,70.0,39.04847534103583,-84.15375785978193
282,2017,Complete,Solar,franklin,PA,0.970358576,14.9201061245,15.8904646995,35.0,39.92956518216588,-77.7215779078095
283,2017,Complete,Solar,frederick,VA,4.198758582,87.11798943,91.31674801,75.0,39.201778634222535,-78.26012304634443
284,2017,Complete,Solar,gloucester,VA,11.3664813,156.3692492,167.7357305,50.0,37.408090424627176,-76.53524337088878
285,2017,Complete,Solar,halifax,VA,5.87744109,90.37530757,96.25274862,114.2,36.76654925323564,-78.93512622289322
286,2017,Complete,Solar,isle of wight,VA,6.190973687,91.74187522,97.9328489,85.0,36.90566224624305,-76.70855327934865
287,2017,Complete,Solar,kent,DE,22.67028313,204.0325481,226.7028313,20.0,39.086466238642544,-75.56884914275379
288,2017,Complete,Solar,king william,VA,0.0,0.0,0.0,74.0,37.709767270831314,-77.09053578045156
289,2017,Complete,Solar,mecklenburg,VA,0.0,1.043773991,1.043773991,105.0,36.67882005451591,-78.36131056368764
290,2017,Complete,Solar,page,VA,0.0,0.679496868,0.679496868,20.0,38.62269336786966,-78.48553190828352
291,2017,Complete,Solar,preble,OH,1.36713698,7.94946136,9.31659834,49.9,39.742024704377286,-84.64787017577001
292,2017,Complete,Solar,surry,VA,0.0,0.074809631,0.074809631,150.0,37.1178263898719,-76.8844697753728
293,2017,Complete,Solar,wythe,VA,24.94393541,20.31233562,45.25627103,75.0,36.915820354041344,-81.0783405901545
294,2017,Complete,Solar Hybrid,adams,PA,0.029621472,16.19885964,16.22848111,100.0,39.87204983085216,-77.21604163867624
295,2017,Withdrawn,Hydro,garrett,MD,29.51611914,432.4700054,461.9861245,15.0,39.52786076551828,-79.27355125907987
296,2017,Withdrawn,Natural Gas,jefferson,PA,16.46822868,68.47316136,84.94139004,20.0,41.12913471544951,-78.99852963827726
297,2017,Withdrawn,Natural Gas,tioga,PA,7.375440763,30.83687933,38.2123201,20.0,41.772563039778476,-77.25442096409171
298,2017,Withdrawn,Solar,allegany,MD,0.0,0.0,0.0,20.0,39.62357627584065,-78.69280486363412
299,2017,Withdrawn,Solar,charles,MD,21.41265401,73.00874703,94.42140104,32.5,38.51092331497901,-76.98580666116092
300,2017,Withdrawn,Solar,culpeper,VA,21.23427713,175.3540305,196.5883076,80.0,38.48401706331724,-77.95862397820886
301,2017,Withdrawn,Solar,halifax,NC,86.96619627,7628.899166,7715.865362,20.0,36.256739444649995,-77.65561110600461
302,2017,Withdrawn,Solar,halifax,VA,16.98742171,19.72732843,36.71475014,100.0,36.76654925323564,-78.93512622289322
303,2017,Withdrawn,Solar,jackson,OH,78.28304934,29.41205996,107.6951093,49.0,39.019142543239425,-82.61818560183286
304,2017,Withdrawn,Solar,orange,VA,16.43944036,0.0,16.43944036,20.0,38.248078632791696,-78.01156565786464
305,2017,Withdrawn,Solar,prince george,VA,8.589083793,132.9259135,141.5149973,60.0,37.185401295650884,-77.22950751845855
306,2017,Withdrawn,Wind Onshore,fayette,PA,0.0,111.7744949,111.7744949,80.0,39.91812936845464,-79.64393640227142
307,2017,Withdrawn,Wind Onshore,huron,OH,0.0,19.19917047,19.19917047,500.4,41.14651174696686,-82.5986795100134
308,2017,Withdrawn,Wind Onshore,jasper,IN,43.83850763,17.26141238,61.09992001,200.0,41.02078732734823,-87.11553319169823
309,2018,Active,Solar,allegany,MD,17.44943053,577.8343455,595.283776,18.0,39.62357627584065,-78.69280486363412
310,2018,Complete,Solar,camden,NJ,3.631738973,12.38280467,16.01454364,13.2,39.8033826406753,-74.9638734115391
311,2018,Complete,Solar,hunterdon,NJ,140.5461121,164.7935465,305.3396586,7.5,40.56334732725691,-74.91284038798322
312,2018,Complete,Solar,rockingham,VA,34.72862272,145.0430714,179.7716941,50.0,38.507860763229665,-78.87099375743772
313,2019,Active,Hydro,fayette,WV,0.0,0.0,0.0,51.0,38.029749279544426,-81.0828663360952
314,2019,Active,Natural Gas,chesterfield,VA,3.926442038,43.9319428245,47.8583848635,1138.0,37.37369853860187,-77.5866807186086
315,2019,Active,Solar,adams,PA,2.1157142855,54.65714285,56.77285715,86.3,39.87204983085216,-77.21604163867624
316,2019,Active,Solar,albemarle,VA,13.796598645,186.089860575,199.886459185,193.0,38.02073716719787,-78.55508400312225
317,2019,Active,Solar,allen,OH,6.1580852295,8.152858015,14.310943245,400.0,40.772852419624286,-84.10802343012281
318,2019,Active,Solar,amelia,VA,44.11204858,458.5454456,502.6574942,41.0,37.340810248577974,-77.98584649257242
319,2019,Active,Solar,armstrong,PA,17.3384253,59.11722601,76.45565131,20.0,40.8178372978334,-79.46378370966444
320,2019,Active,Solar,auglaize,OH,5.360843918,122.9678115,128.3286554,77.0,40.55998858649601,-84.22421429924673
321,2019,Active,Solar,bedford,PA,8.792913159,2.442817721,11.23573088,16.6,40.00586266165774,-78.49123864689035
322,2019,Active,Solar,blackford,IN,7.367915644,38.7462477,46.11416335,150.0,40.47388152735949,-85.32499701835707
323,2019,Active,Solar,blair,PA,3.03375,1505.8625,1508.89625,80.0,40.48217286770913,-78.3507606812789
324,2019,Active,Solar,bradford,PA,3.849577323,19.88196071,23.73153803,13.6,41.78869214971548,-76.51570821597372
325,2019,Active,Solar,buckingham,VA,17.0,71.0,88.0,100.0,37.57242230623772,-78.52518843034474
326,2019,Active,Solar,butler,OH,66.58426714,0.112901426,66.69716857,49.0,39.44012838380084,-84.57388716390807
327,2019,Active,Solar,campbell,VA,24.449562125,298.652449525,323.10201159999997,187.4,37.20551977530489,-79.09674063315872
328,2019,Active,Solar,caroline,VA,41.10440891,352.1744755,393.2788845,44.0,38.02991615842849,-77.34734765740191
329,2019,Active,Solar,centre,PA,7.4556086026666675,375.9935958666667,383.4492044666667,123.6,40.92126000143399,-77.82249856108157
330,2019,Active,Solar,champaign,OH,0.0,52.51196734,52.51196734,78.0,40.13923426627083,-83.76875241854191
331,2019,Active,Solar,charlotte,VA,29.25666752,791.9228169,821.1794845,100.0,37.01909701002177,-78.66314092475868
332,2019,Active,Solar,clarion,PA,8.838892576,6.108939381,14.94783196,15.9,41.19309853637773,-79.42292561713465
333,2019,Active,Solar,clark,OH,1.651311963,56.72738934,58.3787013,180.0,39.91592240905822,-83.78497647590382
334,2019,Active,Solar,clearfield,PA,3.035659594,10.350407904999999,13.386067500000001,33.5,41.00110781695726,-78.47592663471657
335,2019,Active,Solar,columbia,PA,34.39786191,7.8962605759999995,42.294122485,55.0,41.04821775503093,-76.40564976761706
336,2019,Active,Solar,columbiana,OH,2.006896552,67.36689655,69.3737931,145.0,40.76665334843698,-80.7775784769779
337,2019,Active,Solar,crawford,PA,9.2314547524,66.120776076,75.3522308332,254.0,41.684827903079515,-80.10872000670375
338,2019,Active,Solar,dauphin,PA,41.17211029,19.46898238,60.64109267,17.0,40.413972928022154,-76.77655523558892
339,2019,Active,Solar,defiance,OH,13.972275155,29.238936205,43.211211355,90.0,41.32398837368299,-84.49076944483588
340,2019,Active,Solar,dekalb,IL,11.82087576,286.0651935,297.8860693,90.0,41.893726840940175,-88.76958541597988
341,2019,Active,Solar,dekalb,IN,6.074686743,6.535532588,12.61021933,96.0,41.39804622306632,-84.99906934201435
342,2019,Active,Solar,delaware,IN,10.10043987,114.0785721,124.179012,83.0,40.22787246512594,-85.39732771594628
343,2019,Active,Solar,dinwiddie,VA,9.317410037,815.7891291,825.1065391,314.0,37.07544384127212,-77.63450150060336
344,2019,Active,Solar,elk,PA,4.5585293195,15.542796039999999,20.101325355,40.0,41.428220614637084,-78.64524743887259
345,2019,Active,Solar,elkhart,IN,2.659697047,79.79091141,82.45060846,100.0,41.597611690580536,-85.85875694989767
346,2019,Active,Solar,erie,OH,2.47670989,9.33830272,11.81501261,125.0,41.36796058169283,-82.62904520562468
347,2019,Active,Solar,erie,PA,25.67063522,544.4371578,570.1077930499999,157.0,41.99273349850585,-80.03291079283929
348,2019,Active,Solar,fauquier,VA,30.0,118.5714286,148.5714286,70.0,38.735648418535106,-77.80647471996564
349,2019,Active,Solar,fayette,KY,7.51364416,10.61515013,18.128794290000002,120.0,38.0378065977881,-84.4593135808405
350,2019,Active,Solar,fleming,KY,7.513644158,625.1981357,632.7117798,80.0,38.36753800145686,-83.69657051961775
351,2019,Active,Solar,franklin,IN,4.657425051,98.49153687,103.1489619,180.0,39.41425350594652,-85.06062362513309
352,2019,Active,Solar,franklin,OH,10.154723324999999,22.740409749999998,32.895133075,300.0,39.969958149102744,-83.01115754844099
353,2019,Active,Solar,franklin,PA,8.02030500625,28.797829192000002,36.8181342,71.9,39.92956518216588,-77.7215779078095
354,2019,Active,Solar,fulton,OH,3.16322344,82.77887492,85.94209836,199.0,41.60213491434293,-84.12571392566193
355,2019,Active,Solar,greensville,VA,10.303030305,84.39772725,94.7007576,97.4,36.678788366115086,-77.56351483408933
356,2019,Active,Solar,halifax,VA,5.61786544,441.0414291,446.6592946,500.0,36.76654925323564,-78.93512622289322
357,2019,Active,Solar,hanover,VA,0.0,531.8161767,531.8161767,80.0,37.75956699353723,-77.49076271638765
358,2019,Active,Solar,henry,OH,0.212775764,52.74179244,52.95456821,40.0,41.33396420212797,-84.06830637241836
359,2019,Active,Solar,henry,VA,9.1466304,103.98894753,113.13557790666668,341.1,36.68227380629822,-79.87742514762857
360,2019,Active,Solar,hertford,NC,11.57620757,690.7127902,702.2889978,150.0,36.36077550167844,-76.98104133503753
361,2019,Active,Solar,highland,OH,0.1411685355,153.86511095,154.00627945,230.0,39.18392639894175,-83.60331455789769
362,2019,Active,Solar,huntingdon,PA,15.255,78.28,93.535,20.0,40.421916131519176,-77.97726672783602
363,2019,Active,Solar,huntington,IN,6.079307536,145.9033809,151.9826884,35.0,40.82907273097434,-85.4882209173434
364,2019,Active,Solar,indiana,PA,19.90185352,126.3335031,146.2353567,110.0,40.652536896827684,-79.08979203055661
365,2019,Active,Solar,jackson,OH,15.99016261,165.2316803,181.2218429,49.9,39.019142543239425,-82.61818560183286
366,2019,Active,Solar,jay,IN,5.147800736,51.47800736,56.6258081,155.0,40.437810318309666,-85.00576228826
367,2019,Active,Solar,jefferson,PA,2.696666667,86.34555556,89.04222222,90.0,41.12913471544951,-78.99852963827726
368,2019,Active,Solar,jefferson,WV,2.040280791,46.087544255,48.12782505,179.0,39.3069934536909,-77.860285171964
369,2019,Active,Solar,kankakee,IL,7.092525459,21.27757638,28.37010183,150.0,41.137456819108145,-87.86198065783698
370,2019,Active,Solar,kendall,IL,10.63878819,21.27757638,31.91636456,100.0,41.59081020181879,-88.42869575110699
371,2019,Active,Solar,king george,VA,22.34145519,109.3207192,131.6621744,100.0,38.26817691335273,-77.15851654318722
372,2019,Active,Solar,lake,IN,8.51103055,29.25666752,37.76769807,200.0,41.418742742489634,-87.38277575358359
373,2019,Active,Solar,lebanon,PA,40.326536677,95.67210969499999,135.99864635,85.0,40.365867392348854,-76.4547965847159
374,2019,Active,Solar,lee,IL,4.934489521,338.30409153333335,343.23858106666665,675.0,41.74583951235151,-89.29977131720567
375,2019,Active,Solar,louisa,VA,20.205439820000002,344.6044067,364.80984655,221.0,37.97849712790609,-77.96274920366149
376,2019,Active,Solar,madison,OH,7.426560529,143.4451834,150.871744,155.0,39.89381073260752,-83.40178316992127
377,2019,Active,Solar,martin,KY,3.6065743550000002,8.07188094,11.678455295,400.0,37.79989206473284,-82.51248788145864
378,2019,Active,Solar,mchenry,IL,10.63878819,204.7966726,215.4354608,100.0,42.32449654899102,-88.45243720008305
379,2019,Active,Solar,mckean,PA,3.8045,518.5690417,522.3735417,120.0,41.80884513695111,-78.56936623816382
380,2019,Active,Solar,mercer,PA,13.43236386,45.79908938,59.23145324,20.0,41.30248872397029,-80.25816980887332
381,2019,Active,Solar,metcalfe,KY,18.54188798,198.3374084,216.8792963,35.0,36.99459294854428,-85.63123699143021
382,2019,Active,Solar,miami,OH,0.516453411,4.874103667,5.390557079,178.0,40.05436058296499,-84.22872805314043
383,2019,Active,Solar,monroe,PA,8.48443358,1.529325802,10.01375938,80.0,41.05790502634501,-75.34037376721712
384,2019,Active,Solar,montour,PA,9.527625864666666,228.85782557666667,238.38545144333332,271.6,41.028703029006735,-76.66086656707103
385,2019,Active,Solar,morrow,OH,4.383513196,132.1786317,136.5621449,64.0,40.523635601704726,-82.78925989657051
386,2019,Active,Solar,pasquotank,NC,0.0,26.56418173,26.56418173,50.0,36.2672379808793,-76.25134778004112
387,2019,Active,Solar,perquimans,NC,0.0,164.2388867,164.2388867,150.0,36.178474526652884,-76.40603143158852
388,2019,Active,Solar,pickaway,OH,0.0,446.5418566,446.5418566,100.0,39.641703919317415,-83.0243385953563
389,2019,Active,Solar,pittsylvania,VA,11.6356131885,105.8650083965,117.50062154999999,227.0,36.819803410936984,-79.39731263633932
390,2019,Active,Solar,putnam,OH,5.319394094,51.42080958,56.74020367,150.0,41.02094889164118,-84.13361110079947
391,2019,Active,Solar,randolph,IN,1.3298485235,40.193341774500006,41.5231902995,225.0,40.157347715904095,-85.01139319036812
392,2019,Active,Solar,rockingham,VA,28.76712329,113.6986301,142.4657534,73.0,38.507860763229665,-78.87099375743772
393,2019,Active,Solar,salem,NJ,0.0,327.444311,327.444311,45.0,39.587173035126,-75.34691254003255
394,2019,Active,Solar,somerset,PA,3.99291642325,44.684183375,48.677099802499995,150.0,39.971626711763534,-79.02670353570272
395,2019,Active,Solar,stark,OH,13.50100024,169.21020454499998,182.711204795,39.0,40.81482475704287,-81.36437304966745
396,2019,Active,Solar,sussex,VA,16.21364653,770.7712924949999,786.9849388599999,299.0,36.92434826035238,-77.25788472145597
397,2019,Active,Solar,union,OH,0.275141074,30.72408658,30.99922765,58.0,40.30016061237142,-83.37239023342528
398,2019,Active,Solar,union,PA,9.622783915,7.399277185,17.0220611,80.0,40.961892474528995,-77.05995357887281
399,2019,Active,Solar,van buren,MI,7.97283303,90.17937517,98.1522082,85.0,42.25190229120021,-86.0193908751942
400,2019,Active,Solar,van wert,OH,9.1872093315,66.425217645,75.61242693,200.0,40.85541380082887,-84.59111700409092
401,2019,Active,Solar,washington,KY,10.81610132,21.01160667,31.827708,120.0,37.75599351652119,-85.17407865486896
402,2019,Active,Solar,washington,NC,11.57620757,1821.766778,1833.342985,150.0,35.83810080534542,-76.57299037356401
403,2019,Active,Solar,white,IN,5.75558441,14.54854285,20.30412726,200.0,40.74911164737052,-86.86492014962934
404,2019,Active,Solar,whitley,IN,4.835812813,140.2385716,145.0743844,55.0,41.13748552138931,-85.50945142871694
405,2019,Active,Solar,williams,OH,5.93877551,26.45714286,32.39591837,49.0,41.56052013820689,-84.58429552471357
406,2019,Active,Solar,wood,OH,20.7457944,70.73501747,91.48081187,50.0,41.362277738568565,-83.62283595281116
407,2019,Active,Solar,wyandot,OH,9.592640683,166.4136714,176.0063121,120.0,40.8433962067008,-83.30734173056076
408,2019,Active,Solar Hybrid,auglaize,OH,6.554675611,15.6331082,22.18778381,180.0,40.55998858649601,-84.22421429924673
409,2019,Active,Solar Hybrid,blackford,IN,5.75558441,104.4729,110.2284844,200.0,40.47388152735949,-85.32499701835707
410,2019,Active,Solar Hybrid,bradford,PA,19.92356726,81.30742801,101.2309953,20.0,41.78869214971548,-76.51570821597372
411,2019,Active,Solar Hybrid,campbell,VA,28.33333333,255.0,283.3333333,60.0,37.20551977530489,-79.09674063315872
412,2019,Active,Solar Hybrid,caroline,VA,0.0,0.0,0.0,50.0,38.02991615842849,-77.34734765740191
413,2019,Active,Solar Hybrid,clark,KY,16.912394235666664,96.27976990333333,113.19216413666668,570.0,37.96961360297235,-84.15033765435702
414,2019,Active,Solar Hybrid,dekalb,IN,4.657425051,52.60289715,57.2603222,180.0,41.39804622306632,-84.99906934201435
415,2019,Active,Solar Hybrid,erie,PA,18.01758299,61.4328872,79.45047019,20.0,41.99273349850585,-80.03291079283929
416,2019,Active,Solar Hybrid,fairfield,OH,3.86865025,23.937273425,27.805923675,334.0,39.75105062457339,-82.6308979116405
417,2019,Active,Solar Hybrid,fleming,KY,1.167390169,14.72152219,15.88891236,225.0,38.36753800145686,-83.69657051961775
418,2019,Active,Solar Hybrid,gloucester,VA,12.05729328,63.21925405,75.27654733,150.0,37.408090424627176,-76.53524337088878
419,2019,Active,Solar Hybrid,greensville,VA,10.5,603.780975,614.280975,200.0,36.678788366115086,-77.56351483408933
420,2019,Active,Solar Hybrid,huntington,IN,5.588910061,63.97457964,69.5634897,150.0,40.82907273097434,-85.4882209173434
421,2019,Active,Solar Hybrid,lorain,OH,2.022916812,6.897352458,8.920269269,150.0,41.295537509934555,-82.15083536753666
422,2019,Active,Solar Hybrid,madison,KY,5.3430358455,67.522217135,72.86525298,240.0,37.71659335990149,-84.27220274786774
423,2019,Active,Solar Hybrid,mecklenburg,VA,18.23179427,679.9093917,698.141186,99.2,36.67882005451591,-78.36131056368764
424,2019,Active,Solar Hybrid,mercer,NJ,77.5,2358.7735,2436.2735,20.0,40.280470171886044,-74.70479630994166
425,2019,Active,Solar Hybrid,pickaway,OH,4.255515275,26.33100077,30.58651604,400.0,39.641703919317415,-83.0243385953563
426,2019,Active,Solar Hybrid,pittsylvania,VA,28.33333333,389.1689667,417.5023,60.0,36.819803410936984,-79.39731263633932
427,2019,Active,Solar Hybrid,ross,OH,5.75558441,272.7891679,278.5447523,200.0,39.337053912657865,-83.06000913622718
428,2019,Active,Solar Hybrid,schuylkill,PA,0.0,3.40441222,3.40441222,50.0,40.70494736744855,-76.21477951152943
429,2019,Active,Solar Hybrid,spencer,IN,2.75,15.23125,17.98125,800.0,38.01423964369014,-87.00815037348781
430,2019,Active,Solar Hybrid,st. joseph,IN,5.588910061,63.12347658,68.71238664,150.0,41.617567808025164,-86.29040833560619
431,2019,Active,Solar Hybrid,st. joseph,MI,2.794455031,7.113803035,9.908258066,300.0,41.914417670211265,-85.52797979437845
432,2019,Active,Solar Hybrid,surry,VA,14.0,212.9917733,226.9917733,150.0,37.1178263898719,-76.8844697753728
433,2019,Active,Solar Hybrid,sussex,VA,9.752222506,611.8646958,621.6169183,300.0,36.92434826035238,-77.25788472145597
434,2019,Active,Solar Hybrid,venango,PA,25.75612041,388.5091423,414.2652627,100.0,41.404165029636026,-79.75819012919251
435,2019,Active,Solar Hybrid,warren,NJ,4.06,170.7471429,174.8071429,70.0,40.85951348974019,-74.99556359608188
436,2019,Active,Solar Hybrid,warren,PA,2.77574039,100.6960496,103.47179,20.0,41.813687594908664,-79.2740771409156
437,2019,Active,Solar Hybrid,wells,IN,5.264317096999999,91.042983205,96.307300295,509.0,40.729341874252555,-85.22132965930267
438,2019,Active,Storage,accomack,VA,0.381941137,1.302269389,1.684210526,19.0,37.767071606791944,-75.63234614927413
439,2019,Active,Storage,atlantic,NJ,3.1850144040000004,2111.043466235,2114.228480875,320.0,39.47538692612786,-74.65848483266721
440,2019,Active,Storage,cape may,NJ,5.79093528,62.89410902,68.6850443,20.0,39.14963788549348,-74.80126369498831
441,2019,Active,Storage,chesapeake,VA,17.0,81.68859,98.68859,100.0,36.67670047776967,-76.30545743669693
442,2019,Active,Storage,cumberland,NJ,1.9303117600000002,1402.8299811666668,1404.7602929333334,177.5,39.37167068678935,-75.10660259284616
443,2019,Active,Storage,dauphin,PA,51.65663605,18.39978417,70.05642022,20.0,40.413972928022154,-76.77655523558892
444,2019,Active,Storage,erie,PA,1.516875,21.525,23.041875,160.0,41.99273349850585,-80.03291079283929
445,2019,Active,Storage,fauquier,VA,28.60004224,346.2194592,374.8195015,75.0,38.735648418535106,-77.80647471996564
446,2019,Active,Storage,grant,IN,6.649242618,199.4772785,206.1265211,40.0,40.51587228102195,-85.65468701539882
447,2019,Active,Storage,hardin,OH,0.0,0.967162563,0.967162563,55.0,40.66015413672488,-83.65929931306782
448,2019,Active,Storage,hudson,NJ,12.87293371,17.87316416,30.74609786,200.0,40.75436378399357,-74.07743191089402
449,2019,Active,Storage,hunterdon,NJ,16.03680693,54.67921816,70.71602509,20.0,40.56334732725691,-74.91284038798322
450,2019,Active,Storage,king george,VA,21.45003168,154.7498133,176.199845,100.0,38.26817691335273,-77.15851654318722
451,2019,Active,Storage,licking,OH,4.191682546,3.595910408,7.787592954,200.0,40.08895290157837,-82.48066358999331
452,2019,Active,Storage,mchenry,IL,4.076164057,0.0,4.076164057,52.2,42.32449654899102,-88.45243720008305
453,2019,Active,Storage,mclean,IL,21.27757638,63.83272913,85.1103055,50.0,40.48999191958541,-88.84624682201742
454,2019,Active,Storage,mecklenburg,VA,0.0,0.0,0.0,20.0,36.67882005451591,-78.36131056368764
455,2019,Active,Storage,mercer,NJ,10.74517607,51.45736091,62.20253698,200.0,40.280470171886044,-74.70479630994166
456,2019,Active,Storage,middlesex,VA,52.5,105.0,157.5,40.0,37.63191998030689,-76.5506461695571
457,2019,Active,Storage,prince george,VA,0.0,0.0,0.0,20.0,37.185401295650884,-77.22950751845855
458,2019,Active,Storage,rockingham,VA,4.285292107,14.61116437,18.89645648,200.0,38.507860763229665,-78.87099375743772
459,2019,Active,Storage,sullivan,IN,0.0,0.0,0.0,50.0,39.0895225771452,-87.41414468735054
460,2019,Active,Storage,sussex,NJ,9.43220952,32.1601329,41.59234242,20.0,41.1389159188974,-74.69118242616622
461,2019,Active,Storage,van buren,MI,16.76673018,14.42619678,31.19292697,50.0,42.25190229120021,-86.0193908751942
462,2019,Active,Storage,warren,NJ,28.85515433,98.3847524,127.2399067,20.0,40.85951348974019,-74.99556359608188
463,2019,Active,Wind Offshore,monmouth,NJ,0.0,5.0,5.0,1200.0,40.265496989487794,-74.22240686446654
464,2019,Active,Wind Offshore,virginia beach,VA,2.624671916,233.691269844,236.31594174933332,2400.3,36.73285734318917,-76.04566934074857
465,2019,Active,Wind Onshore,blackford,IN,5.75558441,184.2052981,189.9608825,200.0,40.47388152735949,-85.32499701835707
466,2019,Active,Wind Onshore,christian,IL,5.319394094,140.889472,146.2088661,200.0,39.54584747742949,-89.27777622000927
467,2019,Active,Wind Onshore,clearfield,PA,0.0,85.09378784,85.09378784,109.9,41.00110781695726,-78.47592663471657
468,2019,Active,Wind Onshore,kankakee,IL,37.76769807,219.4473478,257.2150459,200.0,41.137456819108145,-87.86198065783698
469,2019,Active,Wind Onshore,mclean,IL,1.418505092,81.49311752,82.91162261,150.0,40.48999191958541,-88.84624682201742
470,2019,Active,Wind Onshore,somerset,PA,0.73,3.02625,3.75625,80.0,39.971626711763534,-79.02670353570272
471,2019,Active,Wind Onshore,vermillion,IN,4.514183851,13.54138337,18.05556722,255.0,39.85242490919774,-87.46165324367605
472,2019,Active,Wind Onshore,white,IN,3.1975468945,58.9521306875,62.1496775875,430.0,40.74911164737052,-86.86492014962934
473,2019,Complete,Natural Gas,allegheny,PA,0.0,0.0,0.0,14.4,40.47039916642533,-79.98554138705339
474,2019,Complete,Solar,accomack,VA,34.69387755,73.46938776,108.1632653,49.0,37.767071606791944,-75.63234614927413
475,2019,Complete,Solar,atlantic,NJ,403.2778946,0.0,403.2778946,2.4,39.47538692612786,-74.65848483266721
476,2019,Complete,Solar,beaver,PA,0.0,0.0,0.0,34.2,40.68266485842424,-80.3497059785092
477,2019,Complete,Solar,cambria,PA,0.217084535,9.983845745,10.20093028,100.0,40.49418529767057,-78.71788306010968
478,2019,Complete,Solar,carbon,PA,0.0,1.378184551,1.378184551,20.0,40.915080254907686,-75.70908737002868
479,2019,Complete,Solar,centre,PA,0.593103875,1.186153915,1.77925779,36.0,40.92126000143399,-77.82249856108157
480,2019,Complete,Solar,champaign,OH,1.23035896,77.097080545,78.32743949500001,139.0,40.13923426627083,-83.76875241854191
481,2019,Complete,Solar,charles,MD,45.23696854,154.24031,199.4772785,40.0,38.51092331497901,-76.98580666116092
482,2019,Complete,Solar,chester,PA,14.1743732385,48.32905016,62.5034234,29.8,39.97307947973404,-75.74580402918536
483,2019,Complete,Solar,chesterfield,VA,0.0,0.0,0.0,20.0,37.37369853860187,-77.5866807186086
484,2019,Complete,Solar,clearfield,PA,8.429106808,1.985,10.414106808,40.0,41.00110781695726,-78.47592663471657
485,2019,Complete,Solar,clermont,OH,4.25411,86.28301,90.53712,100.0,39.04847534103583,-84.15375785978193
486,2019,Complete,Solar,clinton,OH,0.408572032,30.29782668,30.70639872,300.0,39.41485807939021,-83.80852285569009
487,2019,Complete,Solar,columbia,PA,45.42762556,3683.042083,3728.469708,20.0,41.04821775503093,-76.40564976761706
488,2019,Complete,Solar,crawford,PA,10.96544117,37.38785114,48.35329231,20.0,41.684827903079515,-80.10872000670375
489,2019,Complete,Solar,erie,PA,0.0,0.0,0.0,20.0,41.99273349850585,-80.03291079283929
490,2019,Complete,Solar,fayette,PA,5.445669355,18.56759541,24.01326477,28.0,39.91812936845464,-79.64393640227142
491,2019,Complete,Solar,franklin,PA,1.18620775,2.37230783,3.55851558,20.0,39.92956518216588,-77.7215779078095
492,2019,Complete,Solar,frederick,MD,3.137833206,13.83731329,16.9751465,100.0,39.472673447470996,-77.39779097494278
493,2019,Complete,Solar,frederick,VA,4.668908188,131.3449591,136.0138673,70.0,39.201778634222535,-78.26012304634443
494,2019,Complete,Solar,fulton,OH,0.957400135,3.959184952,4.916585087,67.0,41.60213491434293,-84.12571392566193
495,2019,Complete,Solar,gloucester,NJ,10.68181818,385.2083864,395.8902045,44.0,39.71581066715018,-75.13995546360321
496,2019,Complete,Solar,hardin,OH,56.74020367,70.92525459,127.6654583,30.0,40.66015413672488,-83.65929931306782
497,2019,Complete,Solar,harford,MD,0.0,0.0,0.0,30.0,39.55010556218319,-76.30775788737252
498,2019,Complete,Solar,harrison,OH,10.05772578,85.96659939,96.02432518,100.0,40.29376928573361,-81.09064707603765
499,2019,Complete,Solar,henry,IN,0.0,2.873915767,2.873915767,152.5,39.93029016701308,-85.39625719266559
500,2019,Complete,Solar,huntingdon,PA,16.105,28.61,44.715,20.0,40.421916131519176,-77.97726672783602
501,2019,Complete,Solar,juniata,PA,22.23506731,12.66015794,34.89522526,20.0,40.53358635285193,-77.3997507070487
502,2019,Complete,Solar,mercer,PA,1.873302767,30.69805962,32.57136239,50.0,41.30248872397029,-80.25816980887332
503,2019,Complete,Solar,northampton,PA,6.383272913,8.777000255,15.16027317,20.0,40.74935147248934,-75.3116381160293
504,2019,Complete,Solar,northumberland,PA,26.27780682,12.66015794,38.93796477,20.0,40.847609633186224,-76.70862527473273
505,2019,Complete,Solar,pickaway,OH,0.0,70.75,70.75,100.0,39.641703919317415,-83.0243385953563
506,2019,Complete,Solar,potter,PA,7.519639034,25.63901811,33.15865714,35.0,41.744696613192254,-77.89567714066546
507,2019,Complete,Solar,snyder,PA,54.683371285,9.3621336035,64.04550489,40.0,40.77114873087213,-77.06884738908003
508,2019,Complete,Solar,somerset,PA,3.52245195,12.0101788,15.53263075,15.0,39.971626711763534,-79.02670353570272
509,2019,Complete,Solar,suffolk,VA,0.0,0.0,0.0,15.0,36.70155393488803,-76.63603554336099
510,2019,Complete,Solar,talbot,MD,13.52272727,121.25,134.7727273,44.0,38.766181594135716,-76.10882560970069
511,2019,Complete,Solar,union,OH,1.228172441,125.4028754,126.6310478,49.9,40.30016061237142,-83.37239023342528
512,2019,Complete,Solar,westmoreland,PA,6.005330103,2.7731704885,8.778500591,33.8,40.31243409475859,-79.46987424378885
513,2019,Complete,Solar,york,PA,4.054396464,114.7120456,118.7664421,75.0,39.922837160321635,-76.73159402672948
514,2019,Complete,Solar Hybrid,barren,KY,11.09090909,136.9090909,148.0,55.0,36.96469835892712,-85.93338945072487
515,2019,Complete,Solar Hybrid,crawford,PA,5.295458739,76.41894766,81.7144064,17.9,41.684827903079515,-80.10872000670375
516,2019,Complete,Solar Hybrid,green,KY,10.16666667,118.1666667,128.3333333,60.0,37.26484327624794,-85.55407449598935
517,2019,Complete,Solar Hybrid,russell,KY,7.092525459,57.09482994,64.1873554,60.0,36.993083733014096,-85.06070117353548
518,2019,Withdrawn,Hybrid,hudson,NJ,46.35760937,607.2732592,653.6308685,131.5,40.75436378399357,-74.07743191089402
519,2019,Withdrawn,Solar,adams,PA,6.308195287,21.64094982,27.949145105,97.0,39.87204983085216,-77.21604163867624
520,2019,Withdrawn,Solar,beaver,PA,0.0,0.0,0.0,20.0,40.68266485842424,-80.3497059785092
521,2019,Withdrawn,Solar,bergen,NJ,0.0,0.0,0.0,3.6999999999999997,40.92395611887281,-74.0719698461587
522,2019,Withdrawn,Solar,berks,PA,16.02039762,188.42866415666666,204.44906178666665,141.2,40.415513885458935,-75.92318432832333
523,2019,Withdrawn,Solar,bertie,NC,31.24679048,577.2788595,608.52565,71.5,36.06884730365453,-76.96545942526315
524,2019,Withdrawn,Solar,burlington,NJ,0.0,0.0,0.0,2.0,39.87681868389571,-74.66931432550099
525,2019,Withdrawn,Solar,butler,PA,18.63964157,92.24176438500001,110.881405935,112.0,40.91172171982583,-79.91351117441496
526,2019,Withdrawn,Solar,caroline,VA,0.0,221.5412832,221.5412832,93.5,38.02991615842849,-77.34734765740191
527,2019,Withdrawn,Solar,centre,PA,6.3223187235,3078.7103947749997,3085.03271345,80.0,40.92126000143399,-77.82249856108157
528,2019,Withdrawn,Solar,champaign,OH,0.610011328,16.25208401,16.86209534,150.7,40.13923426627083,-83.76875241854191
529,2019,Withdrawn,Solar,clermont,OH,7.54309587,152.9911113,160.5342071,60.0,39.04847534103583,-84.15375785978193
530,2019,Withdrawn,Solar,crawford,PA,11.7097401,358.9572899,370.6670299,20.0,41.684827903079515,-80.10872000670375
531,2019,Withdrawn,Solar,cumberland,NJ,8.522721528,362.4718586,370.99458013,113.0,39.37167068678935,-75.10660259284616
532,2019,Withdrawn,Solar,cumberland,PA,12.91016947,371.0596544,383.9698239,20.0,40.16284441318381,-77.26417093868261
533,2019,Withdrawn,Solar,delaware,IN,20.95841273,236.7130372,257.6714499,40.0,40.22787246512594,-85.39732771594628
534,2019,Withdrawn,Solar,dorchester,MD,0.0,114.4830878,114.4830878,56.0,38.45413521512182,-76.02752426014476
535,2019,Withdrawn,Solar,essex,NJ,0.0,0.0,0.0,1.0,40.78645920593382,-74.2460966322243
536,2019,Withdrawn,Solar,franklin,PA,101.1498617,344.8813331,446.0311948,4.0,39.92956518216588,-77.7215779078095
537,2019,Withdrawn,Solar,gloucester,NJ,4.610141548,712.5668476,717.1769891,60.0,39.71581066715018,-75.13995546360321
538,2019,Withdrawn,Solar,greene,PA,5.498722153,86.39985559,91.89857774,52.8,39.857074724856446,-80.22369451135206
539,2019,Withdrawn,Solar,hanover,VA,0.0,386.5508243,386.5508243,27.0,37.75956699353723,-77.49076271638765
540,2019,Withdrawn,Solar,hertford,NC,0.0,0.0,0.0,10.0,36.36077550167844,-76.98104133503753
541,2019,Withdrawn,Solar,howard,MD,0.0,0.0,0.0,4.0,39.253032824283686,-76.9312256819238
542,2019,Withdrawn,Solar,indiana,PA,34.50072801,179.9331349,214.4338629,66.5,40.652536896827684,-79.08979203055661
543,2019,Withdrawn,Solar,lackawanna,PA,45.64771028,17.08852524,62.73623551,20.0,41.43547950758148,-75.60418146070248
544,2019,Withdrawn,Solar,madison,KY,11.13132468,119.4893525,130.6206772,54.0,37.71659335990149,-84.27220274786774
545,2019,Withdrawn,Solar,mercer,PA,7.1227346115,42.21200664,49.33474125,158.2,41.30248872397029,-80.25816980887332
546,2019,Withdrawn,Solar,middlesex,VA,0.0,0.0,0.0,15.0,37.63191998030689,-76.5506461695571
547,2019,Withdrawn,Solar,monmouth,NJ,22.1220146975,100.479224915,122.60123961750001,14.2,40.265496989487794,-74.22240686446654
548,2019,Withdrawn,Solar,passaic,NJ,0.0,0.0,0.0,2.6,41.032021462896104,-74.29661141159002
549,2019,Withdrawn,Solar,perquimans,NC,0.0,0.0,0.0,5.0,36.178474526652884,-76.40603143158852
550,2019,Withdrawn,Solar,perry,PA,4.303389822,352.1984483,356.5018381,60.0,40.40222297614262,-77.25944941271878
551,2019,Withdrawn,Solar,randolph,IN,1.847011838,236.1515456,237.9985574,144.0,40.157347715904095,-85.01139319036812
552,2019,Withdrawn,Solar,somerset,PA,31.48947154,274.0554613,305.5449329,85.0,39.971626711763534,-79.02670353570272
553,2019,Withdrawn,Solar,suffolk,VA,0.0,0.0,0.0,20.0,36.70155393488803,-76.63603554336099
554,2019,Withdrawn,Solar,surry,VA,18.61787933,78.2153069,96.8331862,80.0,37.1178263898719,-76.8844697753728
555,2019,Withdrawn,Solar,sussex,DE,69.45503202,236.8144023,306.2694344,25.0,38.66143781232537,-75.39031349271507
556,2019,Withdrawn,Solar,sussex,VA,14.08722298,839.28774315,853.3749660999999,390.0,36.92434826035238,-77.25788472145597
557,2019,Withdrawn,Solar,tyrrell,NC,3.692802512,418.455964,422.1487665,1210.0,35.87147225719243,-76.17055252951856
558,2019,Withdrawn,Solar,warren,NJ,4.637181801,23.7338066,28.3709884,80.0,40.85951348974019,-74.99556359608188
559,2019,Withdrawn,Solar,wythe,VA,8.434557232,78.72253416,87.15709139,94.6,36.915820354041344,-81.0783405901545
560,2019,Withdrawn,Solar Hybrid,boyle,KY,14.18505092,135.9991757,150.1842266,30.0,37.626805905764215,-84.86337503666998
561,2019,Withdrawn,Solar Hybrid,hunterdon,NJ,14.97941377,131.7028784,146.6822921,20.0,40.56334732725691,-74.91284038798322
562,2019,Withdrawn,Solar Hybrid,mercer,PA,74.10453072,450.6932122,524.7977429,35.0,41.30248872397029,-80.25816980887332
563,2019,Withdrawn,Solar Hybrid,somerset,PA,13.89860621,235.2330286,249.1316348,160.0,39.971626711763534,-79.02670353570272
564,2019,Withdrawn,Storage,accomack,VA,0.0,5047.041116,5047.041116,5.0,37.767071606791944,-75.63234614927413
565,2019,Withdrawn,Storage,burlington,NJ,1.759585381,154.1353143,155.8948997,250.0,39.87681868389571,-74.66931432550099
566,2019,Withdrawn,Storage,cambria,PA,0.0,0.0,0.0,20.0,40.49418529767057,-78.71788306010968
567,2019,Withdrawn,Storage,culpeper,VA,0.0,157.0688613,157.0688613,40.0,38.48401706331724,-77.95862397820886
568,2019,Withdrawn,Storage,morris,NJ,14.38173553,71.40306974,85.78480527,20.0,40.86247791987626,-74.54435365867012
569,2019,Withdrawn,Storage,somerset,MD,0.0,68.6009373,68.6009373,13.5,38.116354203274796,-75.75118623232628
570,2019,Withdrawn,Storage,sussex,NJ,3.448160508,123.3687599,126.8169204,107.0,41.1389159188974,-74.69118242616622
571,2019,Withdrawn,Storage,warren,NJ,28.69197095,87.015628515,115.70759945,40.0,40.85951348974019,-74.99556359608188
572,2019,Withdrawn,Wind Offshore,atlantic,NJ,0.0,912.1086967,912.1086967,300.0,39.47538692612786,-74.65848483266721
573,2019,Withdrawn,Wind Offshore,sussex,DE,0.604166667,31.05398333,31.65815,120.0,38.66143781232537,-75.39031349271507
574,2019,Withdrawn,Wind Onshore,ocean,NJ,0.6533545795,898.6989193,899.35227395,1200.0,39.88954489948138,-74.28089250817476
575,2019,Withdrawn,Wind Onshore,schuylkill,PA,0.0,340.3214809,340.3214809,174.8,40.70494736744855,-76.21477951152943
576,2020,Active,Solar,adams,IN,5.962125208,20.26214633,26.22427154,135.0,40.74576530101685,-84.93671405853009
577,2020,Active,Solar,adams,PA,1.158187056,3.948963344,5.1071504,6.0,39.87204983085216,-77.21604163867624
578,2020,Active,Solar,allegheny,PA,15.05078301,51.31726355,66.36804656,215.0,40.47039916642533,-79.98554138705339
579,2020,Active,Solar,allen,IN,9.04987051,69.40140727333333,78.45127777,300.0,41.09194312802702,-85.06800636450062
580,2020,Active,Solar,amherst,VA,15.85259484,278.6052686,294.4578635,50.0,37.60316808218497,-79.14556138690668
581,2020,Active,Solar,anne arundel,MD,0.0,0.0,0.0,20.0,39.006687855484024,-76.603279337909
582,2020,Active,Solar,augusta,VA,10.72501584,62.08171844,72.80673428,200.0,38.16228790616792,-79.1256185037685
583,2020,Active,Solar,barren,KY,31.44929457,114.3732892,145.8225838,38.0,36.96469835892712,-85.93338945072487
584,2020,Active,Solar,bedford,PA,9.45821234,930.2292173116666,939.68742965,224.0,40.00586266165774,-78.49123864689035
585,2020,Active,Solar,berks,PA,29.72610106,101.3543389,131.08044,50.0,40.415513885458935,-75.92318432832333
586,2020,Active,Solar,blackford,IN,5.365912687,31.43280833,36.79872102,150.0,40.47388152735949,-85.32499701835707
587,2020,Active,Solar,blair,PA,10.62302817,36.220357175,46.843385345,40.0,40.48217286770913,-78.3507606812789
588,2020,Active,Solar,boone,WV,3.522798854,41.28847368,44.81127253,225.0,38.019741912015746,-81.69888019366695
589,2020,Active,Solar,bradford,PA,8.524256733,97.38312968,105.9073864,20.0,41.78869214971548,-76.51570821597372
590,2020,Active,Solar,buchanan,VA,8.348488521,91.24775381,99.59624233,75.0,37.2681832323529,-82.0374972572342
591,2020,Active,Solar,burlington,NJ,14.17852594,48.34320926,62.5217352,10.0,39.87681868389571,-74.66931432550099
592,2020,Active,Solar,butler,PA,35.57740839,121.3050007,156.8824091,70.0,40.91172171982583,-79.91351117441496
593,2020,Active,Solar,cambria,PA,18.75272781,63.93944254,82.69217034,20.0,40.49418529767057,-78.71788306010968
594,2020,Active,Solar,carbon,PA,15.20848103,80.16823364,95.37671467,60.0,40.915080254907686,-75.70908737002868
595,2020,Active,Solar,cass,MI,4.246666667,48.03333333,52.28,150.0,41.91522292207857,-85.99405726900842
596,2020,Active,Solar,centre,PA,3.83921355,138.70344761666666,142.54266118333334,59.9,40.92126000143399,-77.82249856108157
597,2020,Active,Solar,charlotte,VA,10.39779123,528.922808,539.3205992,167.0,37.01909701002177,-78.66314092475868
598,2020,Active,Solar,chesterfield,VA,0.0,0.0,0.0,25.0,37.37369853860187,-77.5866807186086
599,2020,Active,Solar,clarion,PA,3.7089782280000003,111.321276895,115.030255145,35.0,41.19309853637773,-79.42292561713465
600,2020,Active,Solar,clarke,VA,30.9534746695,147.554475495,178.50795015,150.0,39.11294697389452,-77.99252665241109
601,2020,Active,Solar,clearfield,PA,22.824310096999998,193.21207518133335,216.03638527833334,59.9,41.00110781695726,-78.47592663471657
602,2020,Active,Solar,columbia,PA,45.64771027999999,33.78890705,79.43661732,60.0,41.04821775503093,-76.40564976761706
603,2020,Active,Solar,crawford,PA,22.1485638905,748.4114519645001,770.560016025,94.0,41.684827903079515,-80.10872000670375
604,2020,Active,Solar,cumberland,NJ,47.82191715,163.0539703,210.8758875,31.0,39.37167068678935,-75.10660259284616
605,2020,Active,Solar,cumberland,PA,23.210565303333336,51.75443527666666,74.96500059333333,26.0,40.16284441318381,-77.26417093868261
606,2020,Active,Solar,currituck,NC,7.6607256,481.053234,488.7139596,80.0,36.367567948173125,-75.96459799613876
607,2020,Active,Solar,darke,OH,0.09285728,245.5270293,245.6198866,165.0,40.134129664667455,-84.61945169709966
608,2020,Active,Solar,dauphin,PA,16.59916737,12.28687529,28.88604266,55.0,40.413972928022154,-76.77655523558892
609,2020,Active,Solar,dekalb,IL,12.54828108,364.4205411,376.9688222,81.4,41.893726840940175,-88.76958541597988
610,2020,Active,Solar,delaware,IN,4.024434515,77.447382235,81.471816735,300.0,40.22787246512594,-85.39732771594628
611,2020,Active,Solar,delaware,PA,39.00194911,132.9813406,171.9832897,16.0,39.91569836332675,-75.39991690824239
612,2020,Active,Solar,dinwiddie,VA,0.0,1588.368564,1588.368564,20.0,37.07544384127212,-77.63450150060336
613,2020,Active,Solar,dorchester,MD,8.217337165,1187.7969456965,1196.0142831965002,110.0,38.45413521512182,-76.02752426014476
614,2020,Active,Solar,edgecombe,NC,21.06797337,1315.362885,1336.430858,9.4,35.912306386033556,-77.59436892095293
615,2020,Active,Solar,elk,PA,8.016299054,27.33243387,35.34873292,20.0,41.428220614637084,-78.64524743887259
616,2020,Active,Solar,essex,VA,0.0,0.0,0.0,20.0,37.93378668525271,-76.94238022956974
617,2020,Active,Solar,fairfield,OH,4.718034179,209.7579629,214.475997,84.0,39.75105062457339,-82.6308979116405
618,2020,Active,Solar,fauquier,VA,21.7053892,93.2054948,114.910884,80.0,38.735648418535106,-77.80647471996564
619,2020,Active,Solar,franklin,PA,45.05684096,153.6261456,198.6829866,5.0,39.92956518216588,-77.7215779078095
620,2020,Active,Solar,fulton,PA,25.28156888,120.9509578,146.2325267,70.0,39.92913543623831,-78.11163676737515
621,2020,Active,Solar,garrett,MD,29.96421842,102.16622568,132.130444105,185.0,39.52786076551828,-79.27355125907987
622,2020,Active,Solar,gloucester,VA,0.0,0.0,0.0,39.9,37.408090424627176,-76.53524337088878
623,2020,Active,Solar,greene,OH,0.0,147.5966466,147.5966466,20.0,39.69116282967717,-83.8903208419598
624,2020,Active,Solar,greensville,VA,0.0,70.0112691,70.0112691,38.5,36.678788366115086,-77.56351483408933
625,2020,Active,Solar,halifax,VA,21.7053892,587.3118646,609.0172538,80.0,36.76654925323564,-78.93512622289322
626,2020,Active,Solar,hancock,OH,6.210547091,70.14450395,76.35505104,129.6,41.002504869336356,-83.66838947752707
627,2020,Active,Solar,hardin,KY,6.915136263333333,53.87376473,60.78890099333333,265.0,37.69761109893863,-85.96319250626647
628,2020,Active,Solar,hardin,OH,4.420749386,76.5663988,80.98714818,250.0,40.66015413672488,-83.65929931306782
629,2020,Active,Solar,hart,KY,23.90146387,104.9036271,128.8050909,50.0,37.29943897793834,-85.88461054681558
630,2020,Active,Solar,highland,OH,9.6184665875,170.2255788,179.84404535,170.0,39.18392639894175,-83.60331455789769
631,2020,Active,Solar,hunterdon,NJ,40.485621005,138.0400795,178.5257005,26.8,40.56334732725691,-74.91284038798322
632,2020,Active,Solar,jay,IN,0.0,18.22231263,18.22231263,100.0,40.437810318309666,-85.00576228826
633,2020,Active,Solar,jefferson,PA,16.67564672,56.85741116,73.53305789,10.0,41.12913471544951,-78.99852963827726
634,2020,Active,Solar,juniata,PA,10.74063771,10.35369596,21.09433368,85.0,40.53358635285193,-77.3997507070487
635,2020,Active,Solar,kankakee,IL,10.2143008,273.4266181,283.6409189,100.0,41.137456819108145,-87.86198065783698
636,2020,Active,Solar,king william,VA,0.0,138.5168277,138.5168277,100.0,37.709767270831314,-77.09053578045156
637,2020,Active,Solar,knox,OH,3.613308908,6.077508976,9.690817884,80.0,40.395893685739196,-82.42289640585344
638,2020,Active,Solar,lancaster,VA,28.940518935,992.7238722,1021.6643912,100.0,37.718896526918456,-76.46400481896002
639,2020,Active,Solar,laporte,IN,8.841498773,516.7537346,525.5952334,125.0,41.54366008120977,-86.74072188230276
640,2020,Active,Solar,lasalle,IL,0.8353783275000001,131.4187075,132.25408585,300.0,41.34425771099718,-88.88634234424701
641,2020,Active,Solar,lawrence,PA,17.26788836,203.5460154,220.8139038,40.0,40.992055210701075,-80.33391572813817
642,2020,Active,Solar,lee,IL,0.434320146,227.59764695,228.03196714999999,300.0,41.74583951235151,-89.29977131720567
643,2020,Active,Solar,licking,OH,1.837850465,2.0040898924999997,3.8419403575,235.2,40.08895290157837,-82.48066358999331
644,2020,Active,Solar,logan,OH,1.342159125,84.3088388,85.65099793,500.0,40.389965253653564,-83.76784340604395
645,2020,Active,Solar,louisa,VA,15.2695140775,97.8393312,113.108845275,358.6,37.97849712790609,-77.96274920366149
646,2020,Active,Solar,luzerne,PA,15.215903426666666,3.9937916133333338,19.209695036666666,60.0,41.178216994691475,-75.98501490463924
647,2020,Active,Solar,madison,OH,15.077287118666668,80.74984346133333,95.82713059466668,849.0,39.89381073260752,-83.40178316992127
648,2020,Active,Solar,martin,NC,0.0,50.81088612,50.81088612,20.0,35.84326733727979,-77.10860251042143
649,2020,Active,Solar,mason,WV,18.488480905,58.83921881,77.327699695,127.4,38.77071798662068,-82.02524219176217
650,2020,Active,Solar,mchenry,IL,3.404766933,158.4204006,161.8251676,300.0,42.32449654899102,-88.45243720008305
651,2020,Active,Solar,mclean,IL,0.308849882,494.9941721,495.303022,150.0,40.48999191958541,-88.84624682201742
652,2020,Active,Solar,mclean,KY,20.96619638,109.5797358,130.5459322,57.0,37.53019509636341,-87.26803443328276
653,2020,Active,Solar,mercer,PA,31.191420926666666,230.30145503000003,261.49287597333335,100.0,41.30248872397029,-80.25816980887332
654,2020,Active,Solar,monmouth,NJ,40.21794023,137.1273931,177.3453334,15.4,40.265496989487794,-74.22240686446654
655,2020,Active,Solar,monroe,PA,30.41696207,22.52430374,52.94126581,30.0,41.05790502634501,-75.34037376721712
656,2020,Active,Solar,montgomery,OH,0.30704311,90.68006522,90.98710833,49.9,39.75396979583487,-84.29048272087248
657,2020,Active,Solar,montour,PA,6.63929552,30.15261596,36.79191148,50.0,41.028703029006735,-76.66086656707103
658,2020,Active,Solar,morris,NJ,31.7022598,108.0922647,139.7945245,15.4,40.86247791987626,-74.54435365867012
659,2020,Active,Solar,morrow,OH,4.239754298,14.45589831,18.69565261,88.0,40.523635601704726,-82.78925989657051
660,2020,Active,Solar,nicholas,WV,12.9421998655,44.127822520500004,57.070022366,250.0,38.29617706313083,-80.79759587590479
661,2020,Active,Solar,noble,IN,5.749192165,18.38574144,24.1349336,140.0,41.3967248376922,-85.41966712509107
662,2020,Active,Solar,northumberland,PA,45.873546751999996,64.89987349399999,110.773420244,99.5,40.847609633186224,-76.70862527473273
663,2020,Active,Solar,nottoway,VA,17.36431136,1416.25124226,1433.61555366,100.0,37.143593735921925,-78.050642459561
664,2020,Active,Solar,orange,VA,0.0,0.0,0.0,29.6,38.248078632791696,-78.01156565786464
665,2020,Active,Solar,paulding,OH,3.1444444445,13.998593407000001,17.143037852,94.9,41.116763412974734,-84.58010170486557
666,2020,Active,Solar,perry,KY,7.826707988,6.103044728,13.92975272,80.0,37.25023553041761,-83.22922731131275
667,2020,Active,Solar,pike,KY,10.56839656,9.369918601,19.93831516,75.0,37.47088263200285,-82.39487444644212
668,2020,Active,Solar,preble,OH,0.28727721,79.275742085,79.563019295,120.0,39.742024704377286,-84.64787017577001
669,2020,Active,Solar,prince edward,VA,11.57620757,367.1515101,378.7277177,150.0,37.225530893255446,-78.43593963226965
670,2020,Active,Solar,pulaski,IN,4.28614323525,97.39748967,101.68363293249999,1060.0,41.041661071931145,-86.69890683370492
671,2020,Active,Solar,pulaski,VA,8.741171640666666,254.8904427,263.63161436666667,300.0,37.064749632335925,-80.71229738027176
672,2020,Active,Solar,queen anne's,MD,34.3382092,117.0798177,151.4180269,19.9,39.06198912381182,-76.03530977238574
673,2020,Active,Solar,richmond,VA,14.470259465,369.5785521,384.04881155,244.0,37.83669197573971,-76.91613403865009
674,2020,Active,Solar,schuylkill,PA,21.294842403333334,526.1649803,547.4598227,90.0,40.70494736744855,-76.21477951152943
675,2020,Active,Solar,shelby,OH,0.156341339,224.7250404,224.8813817,98.0,40.331634938251234,-84.2025818899244
676,2020,Active,Solar,shenandoah,VA,77.325449025,45.48555825,122.8110073,45.6,38.85901951998262,-78.56817552625287
677,2020,Active,Solar,somerset,PA,9.933515581,33.86938983,43.802905405000004,20.0,39.971626711763534,-79.02670353570272
678,2020,Active,Solar,southampton,VA,0.0,90.33537842,90.33537842,20.0,36.7223112518913,-77.10642711858938
679,2020,Active,Solar,spotsylvania,VA,21.94478688,214.9999717,236.9447585,128.0,38.185743617975675,-77.65540010451055
680,2020,Active,Solar,st. joseph,IN,13.19501949,0.41785776,13.61287725,110.0,41.617567808025164,-86.29040833560619
681,2020,Active,Solar,stark,OH,17.03648239,58.08771917,75.12420156,150.0,40.81482475704287,-81.36437304966745
682,2020,Active,Solar,sussex,DE,14.271711154999998,1893.34060595,1907.61231705,184.3,38.66143781232537,-75.39031349271507
683,2020,Active,Solar,union,OH,4.420749386,76.38254138,80.80329077,250.0,40.30016061237142,-83.37239023342528
684,2020,Active,Solar,van wert,OH,3.683957822,71.97677297,75.66073079,300.0,40.85541380082887,-84.59111700409092
685,2020,Active,Solar,venango,PA,10.984898484199999,122.19862570699999,133.183524192,155.0,41.404165029636026,-79.75819012919251
686,2020,Active,Solar,warren,NJ,22.73292373,136.3779951,159.1109188,19.8,40.85951348974019,-74.99556359608188
687,2020,Active,Solar,wayne,KY,19.91788656,220.8600129,240.7778994,60.0,36.80310687570697,-84.8251971033994
688,2020,Active,Solar,wayne,OH,15.99723598,54.54429677,70.54153276,130.0,40.82925851754426,-81.88844832732686
689,2020,Active,Solar,wayne,PA,45.64771028,33.78890705,79.43661732,20.0,41.649384751470244,-75.29956505686428
690,2020,Active,Solar,westmoreland,PA,26.78350536,151.479046205,178.262551565,105.0,40.31243409475859,-79.46987424378885
691,2020,Active,Solar,white,IN,9.867744166,170.4967442,180.3644883,112.0,40.74911164737052,-86.86492014962934
692,2020,Active,Solar,whitley,IN,6.26136639,5.3420793185,11.603445710999999,100.0,41.13748552138931,-85.50945142871694
693,2020,Active,Solar,york,PA,19.7028188405,67.40830659925,87.11112541975,70.0,39.922837160321635,-76.73159402672948
694,2020,Active,Solar Hybrid,adams,PA,39.07267763,133.2224971,172.2951747,2.0,39.87204983085216,-77.21604163867624
695,2020,Active,Solar Hybrid,allegheny,PA,0.0,0.0,0.0,20.0,40.47039916642533,-79.98554138705339
696,2020,Active,Solar Hybrid,atlantic,NJ,39.01261663,174.3322477,213.3448643,38.0,39.47538692612786,-74.65848483266721
697,2020,Active,Solar Hybrid,augusta,VA,12.938114344999999,221.13310241,234.07121677,300.0,38.16228790616792,-79.1256185037685
698,2020,Active,Solar Hybrid,barren,KY,13.27859104,45.933401175,59.21199222,100.0,36.96469835892712,-85.93338945072487
699,2020,Active,Solar Hybrid,berks,PA,32.916428839999995,112.23210470000001,145.14853355,6.0,40.415513885458935,-75.92318432832333
700,2020,Active,Solar Hybrid,blair,PA,24.472194715,83.44058014,107.91277485,6.0,40.48217286770913,-78.3507606812789
701,2020,Active,Solar Hybrid,chesapeake,VA,0.0,0.0,0.0,20.0,36.67670047776967,-76.30545743669693
702,2020,Active,Solar Hybrid,defiance,OH,2.830820507,59.31590393,62.14672444,140.0,41.32398837368299,-84.49076944483588
703,2020,Active,Solar Hybrid,edgecombe,NC,7.64403457,26.06315807,33.70719264,100.0,35.912306386033556,-77.59436892095293
704,2020,Active,Solar Hybrid,fayette,PA,29.11250242,99.26220838,128.3747108,3.0,39.91812936845464,-79.64393640227142
705,2020,Active,Solar Hybrid,fayette,WV,6.1558186155,119.35258121,125.50839981499999,275.0,38.029749279544426,-81.0828663360952
706,2020,Active,Solar Hybrid,fluvanna,VA,16.50002437,101.8915633,118.3915877,130.0,37.8415589225076,-78.27714328548723
707,2020,Active,Solar Hybrid,franklin,PA,7.398757521,25.226859585,32.62561711,6.0,39.92956518216588,-77.7215779078095
708,2020,Active,Solar Hybrid,garrett,MD,5.954230196,79.92508112,85.87931132,300.0,39.52786076551828,-79.27355125907987
709,2020,Active,Solar Hybrid,grant,IN,7.317153664,92.95013728,100.2672909,110.0,40.51587228102195,-85.65468701539882
710,2020,Active,Solar Hybrid,hertford,NC,0.0,0.0,0.0,5.0,36.36077550167844,-76.98104133503753
711,2020,Active,Solar Hybrid,hunterdon,NJ,27.02446502,92.14282027,119.1672853,20.0,40.56334732725691,-74.91284038798322
712,2020,Active,Solar Hybrid,jay,IN,17.88637562,212.4120597,230.2984354,45.0,40.437810318309666,-85.00576228826
713,2020,Active,Solar Hybrid,jefferson,WV,8.742553759,97.50401248,106.246566235,205.0,39.3069934536909,-77.860285171964
714,2020,Active,Solar Hybrid,kankakee,IL,0.0,442.2792246,442.2792246,200.0,41.137456819108145,-87.86198065783698
715,2020,Active,Solar Hybrid,kent,DE,8.046216955,1907.374513,1915.42073,120.0,39.086466238642544,-75.56884914275379
716,2020,Active,Solar Hybrid,lawrence,PA,24.85570958,194.3521402,219.2078498,175.0,40.992055210701075,-80.33391572813817
717,2020,Active,Solar Hybrid,lehigh,PA,33.14965055,113.0272992,146.1769497,3.0,40.612910687299376,-75.59497439540833
718,2020,Active,Solar Hybrid,logan,OH,0.0,152.9591545,152.9591545,40.0,40.389965253653564,-83.76784340604395
719,2020,Active,Solar Hybrid,louisa,VA,0.0,0.0,0.0,20.0,37.97849712790609,-77.96274920366149
720,2020,Active,Solar Hybrid,luzerne,PA,64.25517013333334,735.7237612343333,799.9789313666666,80.0,41.178216994691475,-75.98501490463924
721,2020,Active,Solar Hybrid,mason,WV,7.838383838,6.949494949,14.78787879,99.0,38.77071798662068,-82.02524219176217
722,2020,Active,Solar Hybrid,montgomery,MD,0.256188842,10.28760553,10.54379437,542.5,39.13676328539865,-77.20358245159572
723,2020,Active,Solar Hybrid,northampton,VA,25.73749013,2046.915039,2072.652529,45.0,37.340629327278585,-75.87751590729266
724,2020,Active,Solar Hybrid,salem,NJ,26.95417149,5840.662233,5867.616405,55.0,39.587173035126,-75.34691254003255
725,2020,Active,Solar Hybrid,snyder,PA,34.235782709999995,25.341680285,59.57746299,60.0,40.77114873087213,-77.06884738908003
726,2020,Active,Solar Hybrid,somerset,PA,27.3046073,93.09799552,120.4026028,4.0,39.971626711763534,-79.02670353570272
727,2020,Active,Solar Hybrid,suffolk,VA,12.25716096,129.4065498,141.6637108,50.0,36.70155393488803,-76.63603554336099
728,2020,Active,Solar Hybrid,surry,VA,24.10115919,95.25696252,119.3581217,89.0,37.1178263898719,-76.8844697753728
729,2020,Active,Solar Hybrid,tippecanoe,IN,9.439716323,41.07000113,50.50971746,120.0,40.38872738687578,-86.89413958820971
730,2020,Active,Solar Hybrid,union,OH,2.339074883,19.07520674,21.41428163,200.0,40.30016061237142,-83.37239023342528
731,2020,Active,Solar Hybrid,warren,NJ,27.44887224,93.58988232,121.038754585,70.0,40.85951348974019,-74.99556359608188
732,2020,Active,Solar Hybrid,washington,PA,7.95361797,27.11871597,35.07233394,20.0,40.19184046385578,-80.2457704780798
733,2020,Active,Solar Hybrid,white,IN,5.525936733,12.43591122,17.96184796,200.0,40.74911164737052,-86.86492014962934
734,2020,Active,Solar Hybrid,will,IL,0.0,0.0,0.0,19.9,41.44619431384215,-87.97863458303509
735,2020,Active,Solar Hybrid,york,PA,14.88733642,50.75997482,65.64731124,20.0,39.922837160321635,-76.73159402672948
736,2020,Active,Storage,accomack,VA,7.38344248,292.3277508,299.7111933,49.0,37.767071606791944,-75.63234614927413
737,2020,Active,Storage,adams,PA,0.0,0.0,0.0,15.0,39.87204983085216,-77.21604163867624
738,2020,Active,Storage,allegheny,PA,0.0,0.0,0.0,55.0,40.47039916642533,-79.98554138705339
739,2020,Active,Storage,anne arundel,MD,7.798459511,26.58968652,34.38814603,300.0,39.006687855484024,-76.603279337909
740,2020,Active,Storage,augusta,VA,11.576207575,36.526247729999994,48.102455305,125.0,38.16228790616792,-79.1256185037685
741,2020,Active,Storage,baltimore,MD,0.0,372.8219792,372.8219792,40.0,39.438692728945966,-76.62695327337231
742,2020,Active,Storage,barren,KY,45.9643536,186.8038473,232.7682009,26.0,36.96469835892712,-85.93338945072487
743,2020,Active,Storage,botetourt,VA,7.926297421,92.23513622,100.1614336,100.0,37.55537192287645,-79.8099290234408
744,2020,Active,Storage,bradford,PA,20.98866583,71.56311372,92.55177955,10.0,41.78869214971548,-76.51570821597372
745,2020,Active,Storage,brunswick,VA,37.45243627,170.3854735,207.8379097,75.0,36.76366948757138,-77.85934360464023
746,2020,Active,Storage,burlington,NJ,69.86581747,0.0,69.86581747,5.0,39.87681868389571,-74.66931432550099
747,2020,Active,Storage,camden,NJ,19.40717152,0.0,19.40717152,20.0,39.8033826406753,-74.9638734115391
748,2020,Active,Storage,caroline,VA,26.812539599999997,175.1659075,201.97844709999998,250.0,38.02991615842849,-77.34734765740191
749,2020,Active,Storage,cecil,MD,6.836520817,34.01088354,40.84740436,100.8,39.56654282903454,-75.9462805630748
750,2020,Active,Storage,christian,IL,8.511917333,0.0,8.511917333,30.0,39.54584747742949,-89.27777622000927
751,2020,Active,Storage,cook,IL,12.01682447,298.1374151,310.1542396,85.0,41.84146733760994,-87.81657740878398
752,2020,Active,Storage,culpeper,VA,28.60004224,781.8871032,810.4871454,75.0,38.48401706331724,-77.95862397820886
753,2020,Active,Storage,essex,NJ,4.85179288,0.0,4.85179288,80.0,40.78645920593382,-74.2460966322243
754,2020,Active,Storage,fauquier,VA,21.45003168,148.6379026,170.0879343,100.0,38.735648418535106,-77.80647471996564
755,2020,Active,Storage,gloucester,VA,0.0,0.0,0.0,19.0,37.408090424627176,-76.53524337088878
756,2020,Active,Storage,greensville,VA,37.45243627,427.3840639,464.8365001,75.0,36.678788366115086,-77.56351483408933
757,2020,Active,Storage,hanover,VA,0.0,1429.902952,1429.902952,75.0,37.75956699353723,-77.49076271638765
758,2020,Active,Storage,hardin,KY,42.68118549,174.6388255,217.320011,28.0,37.69761109893863,-85.96319250626647
759,2020,Active,Storage,hudson,NJ,22.516858651333333,516.8231792333333,539.3400382,460.0,40.75436378399357,-74.07743191089402
760,2020,Active,Storage,kankakee,IL,10.2143008,0.0,10.2143008,20.0,41.137456819108145,-87.86198065783698
761,2020,Active,Storage,kent,DE,35.98255546,2560.34742,2596.329975,50.0,39.086466238642544,-75.56884914275379
762,2020,Active,Storage,lasalle,IL,4.08572032,16.96595363,21.05167395,100.0,41.34425771099718,-88.88634234424701
763,2020,Active,Storage,lee,IL,1.714015839,28.605172667999998,30.31918851,180.0,41.74583951235151,-89.29977131720567
764,2020,Active,Storage,licking,OH,12.90467467,21.7053892,34.61006387,22.4,40.08895290157837,-82.48066358999331
765,2020,Active,Storage,loudoun,VA,26.812539599999997,47.39519584,74.20773544,250.0,39.089900829411484,-77.63481877300728
766,2020,Active,Storage,madison,IN,6.872522056,21.641890295,28.51441235,380.0,40.16143690752736,-85.71964710896368
767,2020,Active,Storage,mclean,IL,4.08572032,0.0,4.08572032,100.0,40.48999191958541,-88.84624682201742
768,2020,Active,Storage,montgomery,OH,0.0,10.43661205,10.43661205,85.0,39.75396979583487,-84.29048272087248
769,2020,Active,Storage,noble,IN,0.0,5.005007392,5.005007392,50.0,41.3967248376922,-85.41966712509107
770,2020,Active,Storage,northampton,PA,1.246144698,0.0,1.246144698,20.0,40.74935147248934,-75.3116381160293
771,2020,Active,Storage,nottoway,VA,0.0,1900.495351,1900.495351,14.0,37.143593735921925,-78.050642459561
772,2020,Active,Storage,paulding,OH,0.0,1.940717152,1.940717152,100.0,41.116763412974734,-84.58010170486557
773,2020,Active,Storage,pittsylvania,VA,0.0,0.0,0.0,7.0,36.819803410936984,-79.39731263633932
774,2020,Active,Storage,prince william,VA,10.72501584,42.38934832,53.11436416,200.0,38.709159442340145,-77.48713400928764
775,2020,Active,Storage,richmond,VA,0.0,60.43086782,60.43086782,20.0,37.83669197573971,-76.91613403865009
776,2020,Active,Storage,rockingham,VA,0.0,356.1979896,356.1979896,19.0,38.507860763229665,-78.87099375743772
777,2020,Active,Storage,sussex,DE,11.71974997,317.3863594,329.1061094,50.4,38.66143781232537,-75.39031349271507
778,2020,Active,Storage,york,PA,7.722667925,482.5923731,490.31504105,181.2,39.922837160321635,-76.73159402672948
779,2020,Active,Wind Offshore,sussex,DE,3.7111935244999996,1085.6193924,1089.33058575,880.0,38.66143781232537,-75.39031349271507
780,2020,Active,Wind Onshore,benton,IN,5.525936733,113.8894539,119.4153907,200.0,40.6062694659984,-87.31093999318061
781,2020,Active,Wind Onshore,blackford,IN,5.525936733,112.76588085,118.29181754999999,400.0,40.47388152735949,-85.32499701835707
782,2020,Active,Wind Onshore,grayson,VA,9.891574076,7.713168693,17.60474277,63.3,36.65677267923498,-81.23216244400052
783,2020,Active,Wind Onshore,lasalle,IL,12.84817711,646.3917903,659.2399674,79.5,41.34425771099718,-88.88634234424701
784,2020,Active,Wind Onshore,schuylkill,PA,5.220302414,760.1723989,765.3927013,174.8,40.70494736744855,-76.21477951152943
785,2020,Complete,Hybrid,mercer,NJ,25.74003802,0.0,25.74003802,5.0,40.280470171886044,-74.70479630994166
786,2020,Complete,Hydro,allegheny,PA,0.0,0.0,0.0,38.3,40.47039916642533,-79.98554138705339
787,2020,Complete,Natural Gas,cook,IL,0.0,0.0,0.0,296.0,41.84146733760994,-87.81657740878398
788,2020,Complete,Natural Gas,essex,NJ,78.85440218,0.0,78.85440218,5.0,40.78645920593382,-74.2460966322243
789,2020,Complete,Solar,armstrong,PA,8.740119636,29.800378,38.54049764,10.0,40.8178372978334,-79.46378370966444
790,2020,Complete,Solar,berks,PA,21.85860371,35.54576678,57.4043705,5.0,40.415513885458935,-75.92318432832333
791,2020,Complete,Solar,bradford,PA,0.204286016,7.517725389,7.722011405,15.0,41.78869214971548,-76.51570821597372
792,2020,Complete,Solar,burlington,NJ,37.79291296,0.0,37.79291296,5.0,39.87681868389571,-74.66931432550099
793,2020,Complete,Solar,camden,NJ,7.537688442,100.0,107.5376884,19.9,39.8033826406753,-74.9638734115391
794,2020,Complete,Solar,crawford,PA,3.724760457,12.69997142,16.42473188,15.0,41.684827903079515,-80.10872000670375
795,2020,Complete,Solar,erie,PA,9.676865185499999,32.994312715,42.6711779,16.0,41.99273349850585,-80.03291079283929
796,2020,Complete,Solar,essex,VA,0.0,0.0,0.0,20.0,37.93378668525271,-76.94238022956974
797,2020,Complete,Solar,fayette,PA,41.683468718,142.124270135,183.8077388675,15.0,39.91812936845464,-79.64393640227142
798,2020,Complete,Solar,frederick,VA,4.054087086,13.82284598,17.87693307,30.0,39.201778634222535,-78.26012304634443
799,2020,Complete,Solar,gloucester,NJ,89.80913674,306.2139117,396.0230485,10.0,39.71581066715018,-75.13995546360321
800,2020,Complete,Solar,hancock,WV,18.52519424,63.16364236,81.6888366,30.0,40.51943859338142,-80.57461608058803
801,2020,Complete,Solar,james city,VA,0.0,0.0,0.0,20.0,37.31157773498614,-76.7694042207389
802,2020,Complete,Solar,morris,NJ,1.537303858,16.4408973,17.97820116,19.8,40.86247791987626,-74.54435365867012
803,2020,Complete,Solar,northampton,PA,12.4196612,169.6502506,182.0699118,8.8,40.74935147248934,-75.3116381160293
804,2020,Complete,Solar,somerset,MD,0.0,0.0,0.0,3.9,38.116354203274796,-75.75118623232628
805,2020,Complete,Solar,washington,MD,36.91721241,125.8732066,162.790419,16.0,39.60680916878638,-77.81714715804434
806,2020,Complete,Solar,wayne,PA,2.866853607,9.774845736,12.64169934,17.0,41.649384751470244,-75.29956505686428
807,2020,Complete,Solar Hybrid,allegheny,PA,0.0,0.0,0.0,17.5,40.47039916642533,-79.98554138705339
808,2020,Complete,Solar Hybrid,bucks,PA,0.0,0.0,0.0,2.0,40.33740169842376,-75.10876275997953
809,2020,Complete,Solar Hybrid,columbia,PA,0.0,0.0,0.0,2.0,41.04821775503093,-76.40564976761706
810,2020,Complete,Solar Hybrid,dauphin,PA,0.0,0.0,0.0,3.0,40.413972928022154,-76.77655523558892
811,2020,Complete,Solar Hybrid,lackawanna,PA,0.0,0.0,0.0,2.0,41.43547950758148,-75.60418146070248
812,2020,Complete,Solar Hybrid,lancaster,PA,0.0,0.0,0.0,6.0,40.037953104715285,-76.2472221661036
813,2020,Complete,Solar Hybrid,montour,PA,0.0,0.0,0.0,2.0,41.028703029006735,-76.66086656707103
814,2020,Complete,Solar Hybrid,northumberland,PA,0.0,0.0,0.0,8.0,40.847609633186224,-76.70862527473273
815,2020,Complete,Solar Hybrid,perry,PA,0.0,0.0,0.0,6.0,40.40222297614262,-77.25944941271878
816,2020,Complete,Solar Hybrid,wayne,PA,0.0,0.0,0.0,3.0,41.649384751470244,-75.29956505686428
817,2020,Complete,Storage,anne arundel,MD,0.0,0.0,0.0,2.5,39.006687855484024,-76.603279337909
818,2020,Complete,Storage,chesapeake,VA,0.0,0.0,0.0,20.0,36.67670047776967,-76.30545743669693
819,2020,Complete,Storage,prince george's,MD,0.0,0.0,0.0,1.0,38.8307003862769,-76.84964410063907
820,2020,Complete,Storage,whiteside,IL,0.0,0.0,0.0,0.5,41.75509713073645,-89.91556058013413
821,2020,Complete,Storage,wicomico,MD,0.0,0.0,0.0,3.0,38.372878431402896,-75.6273851287114
822,2020,Complete,Storage,worcester,MD,0.0,0.0,0.0,1.0,38.212906620822594,-75.33190011255367
823,2020,Withdrawn,Solar,accomack,VA,8.511917333,120.8692261,129.3811435,60.0,37.767071606791944,-75.63234614927413
824,2020,Withdrawn,Solar,adams,OH,37.95551666,685.2570389,723.2125555,49.9,38.84541071850053,-83.47189639851895
825,2020,Withdrawn,Solar,atlantic,NJ,109.936389365,5414.9544938,5524.8908829,63.0,39.47538692612786,-74.65848483266721
826,2020,Withdrawn,Solar,beaufort,NC,21.7053892,879.7704192,901.4758084,80.0,35.48572530826896,-76.84393571307011
827,2020,Withdrawn,Solar,bedford,PA,21.75163313,74.16453281,95.91616595,5.0,40.00586266165774,-78.49123864689035
828,2020,Withdrawn,Solar,boyle,KY,16.34288128,7.762868608,24.10574989,50.0,37.626805905764215,-84.86337503666998
829,2020,Withdrawn,Solar,bradford,PA,14.70318467725,255.4495968225,270.152781475,67.0,41.78869214971548,-76.51570821597372
830,2020,Withdrawn,Solar,burlington,NJ,898.903275385,68.09132875,966.99460415,24.2,39.87681868389571,-74.66931432550099
831,2020,Withdrawn,Solar,columbia,PA,42.90006336,118.2816033,161.1816666,20.0,41.04821775503093,-76.40564976761706
832,2020,Withdrawn,Solar,crawford,PA,11.75791499,46.20176618,57.95968117,50.0,41.684827903079515,-80.10872000670375
833,2020,Withdrawn,Solar,cumberland,NJ,109.2724779,771.9554283,881.2279063,3.0,39.37167068678935,-75.10660259284616
834,2020,Withdrawn,Solar,dekalb,IL,50.19312432,37.64484324,87.83796757,81.4,41.893726840940175,-88.76958541597988
835,2020,Withdrawn,Solar,franklin,PA,61.33598157,395.16197,456.4979516,85.0,39.92956518216588,-77.7215779078095
836,2020,Withdrawn,Solar,henry,IN,12.15,638.00716,650.15716,100.0,39.93029016701308,-85.39625719266559
837,2020,Withdrawn,Solar,henry,VA,0.0,0.0,0.0,14.0,36.68227380629822,-79.87742514762857
838,2020,Withdrawn,Solar,howard,IN,5.365912687,10.72501584,16.09092853,150.0,40.485277312525625,-86.11351892353355
839,2020,Withdrawn,Solar,huntingdon,PA,3.2971440695,448.0410957,451.33823974999996,33.5,40.421916131519176,-77.97726672783602
840,2020,Withdrawn,Solar,jay,IN,0.102143008,13.84378235,13.94592536,150.0,40.437810318309666,-85.00576228826
841,2020,Withdrawn,Solar,kent,DE,0.0,0.0,0.0,1.5,39.086466238642544,-75.56884914275379
842,2020,Withdrawn,Solar,king george,VA,10.2143008,593.1553155,603.3696163,50.0,38.26817691335273,-77.15851654318722
843,2020,Withdrawn,Solar,louisa,VA,107.2501584,1132.204019,1239.454177,20.0,37.97849712790609,-77.96274920366149
844,2020,Withdrawn,Solar,luzerne,PA,13.41924797,557.8948053,571.3140532,68.0,41.178216994691475,-75.98501490463924
845,2020,Withdrawn,Solar,mercer,PA,160.67384257,1022.2200230000001,1182.8938655,24.0,41.30248872397029,-80.25816980887332
846,2020,Withdrawn,Solar,mifflin,PA,74.34303726,253.480582,327.8236192,5.0,40.6086691450561,-77.61344346207513
847,2020,Withdrawn,Solar,montgomery,PA,49.76066539,169.664341,219.4250064,4.0,40.21198859609663,-75.36813070557353
848,2020,Withdrawn,Solar,montour,PA,101.0684878,1110.689487,1211.757975,3.0,41.028703029006735,-76.66086656707103
849,2020,Withdrawn,Solar,nottoway,VA,0.0,192.8020776,192.8020776,8.0,37.143593735921925,-78.050642459561
850,2020,Withdrawn,Solar,pickaway,OH,9.777414726,93.48721543,103.2646302,200.0,39.641703919317415,-83.0243385953563
851,2020,Withdrawn,Solar,queen anne's,MD,18.82053966,707.7600299,726.5805696,100.0,39.06198912381182,-76.03530977238574
852,2020,Withdrawn,Solar,somerset,PA,26.76223247,3972.66565,3999.427882,5.0,39.971626711763534,-79.02670353570272
853,2020,Withdrawn,Solar,suffolk,VA,28.259565544999997,476.0750055,504.33457104999997,177.5,36.70155393488803,-76.63603554336099
854,2020,Withdrawn,Solar,sussex,DE,40.0578296455,1051.5290258,1091.58685545,105.0,38.66143781232537,-75.39031349271507
855,2020,Withdrawn,Solar,washington,MD,98.86670773,337.0966743,435.963382,24.0,39.60680916878638,-77.81714715804434
856,2020,Withdrawn,Solar,wicomico,MD,0.0,14.18652889,14.18652889,7.2,38.372878431402896,-75.6273851287114
857,2020,Withdrawn,Solar,york,PA,60.79848572,207.2989766,268.0974623,5.0,39.922837160321635,-76.73159402672948
858,2020,Withdrawn,Solar Hybrid,accomack,VA,30.6429024,759.1447105,789.7876129,70.0,37.767071606791944,-75.63234614927413
859,2020,Withdrawn,Solar Hybrid,beaver,PA,21.85860371,405.4260274,427.2846311,5.0,40.68266485842424,-80.3497059785092
860,2020,Withdrawn,Solar Hybrid,clarion,PA,0.0,0.0,0.0,4.0,41.19309853637773,-79.42292561713465
861,2020,Withdrawn,Solar Hybrid,cumberland,PA,14.33817044,3405.250343,3419.588514,20.0,40.16284441318381,-77.26417093868261
862,2020,Withdrawn,Solar Hybrid,dauphin,PA,21.85860371,575.4737071,597.3323108,5.0,40.413972928022154,-76.77655523558892
863,2020,Withdrawn,Solar Hybrid,dinwiddie,VA,0.0,0.0,0.0,10.0,37.07544384127212,-77.63450150060336
864,2020,Withdrawn,Solar Hybrid,garrett,MD,28.9454109,98.69249189,127.6379028,20.0,39.52786076551828,-79.27355125907987
865,2020,Withdrawn,Solar Hybrid,hertford,NC,0.0,216.08624749499998,216.08624749499998,35.0,36.36077550167844,-76.98104133503753
866,2020,Withdrawn,Solar Hybrid,lackawanna,PA,0.0,0.0,0.0,3.0,41.43547950758148,-75.60418146070248
867,2020,Withdrawn,Solar Hybrid,magoffin,KY,29.40079753,100.2451816,129.6459791,3.7,37.70820544888923,-83.06577140367868
868,2020,Withdrawn,Solar Hybrid,mercer,PA,6.616064114,277.7173435,284.3334077,125.0,41.30248872397029,-80.25816980887332
869,2020,Withdrawn,Solar Hybrid,northumberland,PA,20.83717363,1638.578134,1659.415308,5.0,40.847609633186224,-76.70862527473273
870,2020,Withdrawn,Solar Hybrid,perry,PA,0.0,0.0,0.0,3.0,40.40222297614262,-77.25944941271878
871,2020,Withdrawn,Solar Hybrid,prince george,VA,0.0,294.2497471,294.2497471,20.0,37.185401295650884,-77.22950751845855
872,2020,Withdrawn,Storage,accomack,VA,107.2501584,473.0284579,580.2786163,20.0,37.767071606791944,-75.63234614927413
873,2020,Withdrawn,Storage,botetourt,VA,0.0,0.0,0.0,20.0,37.55537192287645,-79.8099290234408
874,2020,Withdrawn,Storage,charlotte,VA,42.90006336,1376.521892,1419.421955,50.0,37.01909701002177,-78.66314092475868
875,2020,Withdrawn,Storage,dorchester,MD,13.3770605,2533.666012,2547.043073,100.0,38.45413521512182,-76.02752426014476
876,2020,Withdrawn,Storage,queen anne's,MD,37.64107932,1602.145611,1639.78669,50.0,39.06198912381182,-76.03530977238574
877,2020,Withdrawn,Storage,rockingham,VA,21.45003168,196.1178235,217.5678552,100.0,38.507860763229665,-78.87099375743772
878,2020,Withdrawn,Wind Onshore,grayson,VA,5.940575323,4.632292014,10.57286734,105.4,36.65677267923498,-81.23216244400052
879,2021,Complete,Solar Hybrid,lynchburg,VA,0.0,0.0,0.0,8.0,37.4000782360907,-79.19884218534771
880,2021,Withdrawn,Solar Hybrid,burlington,NJ,57.9093528,197.4481672,255.35752,1.2,39.87681868389571,-74.66931432550099
